trial,testing,parameters,initial_deadline,final_deadline,net_reward,actions,success
1,False,"{'a': 0.002, 'e': 0.9999980000006666}",30,0,-106.17713556756964,"{0: 20, 1: 2, 2: 6, 3: 1, 4: 1}",0
2,False,"{'a': 0.002, 'e': 0.9999920000106667}",25,0,-40.85895931936102,"{0: 19, 1: 1, 2: 5, 3: 0, 4: 0}",0
3,False,"{'a': 0.002, 'e': 0.999982000054}",25,0,-122.83578689343524,"{0: 17, 1: 1, 2: 2, 3: 4, 4: 1}",0
4,False,"{'a': 0.002, 'e': 0.9999680001706663}",25,20,7.30245291695881,"{0: 5, 1: 0, 2: 0, 3: 0, 4: 0}",1
5,False,"{'a': 0.002, 'e': 0.9999500004166653}",30,0,-179.2836101812683,"{0: 17, 1: 5, 2: 5, 3: 0, 4: 3}",0
6,False,"{'a': 0.002, 'e': 0.9999280008639958}",20,0,-36.92764232806529,"{0: 14, 1: 1, 2: 5, 3: 0, 4: 0}",0
7,False,"{'a': 0.002, 'e': 0.9999020016006562}",20,0,-85.28554856013533,"{0: 13, 1: 1, 2: 5, 3: 0, 4: 1}",0
8,False,"{'a': 0.002, 'e': 0.9998720027306434}",25,0,-39.476833441760085,"{0: 18, 1: 2, 2: 5, 3: 0, 4: 0}",0
9,False,"{'a': 0.002, 'e': 0.9998380043739528}",30,0,-150.87753836584136,"{0: 16, 1: 3, 2: 9, 3: 1, 4: 1}",0
10,False,"{'a': 0.002, 'e': 0.9998000066665778}",20,14,-32.816628409792365,"{0: 5, 1: 0, 2: 0, 3: 0, 4: 1}",1
11,False,"{'a': 0.002, 'e': 0.9997580097605092}",20,0,-139.95081050879864,"{0: 10, 1: 3, 2: 5, 3: 0, 4: 2}",0
12,False,"{'a': 0.002, 'e': 0.9997120138237345}",20,0,-80.37412396553707,"{0: 14, 1: 1, 2: 3, 3: 1, 4: 1}",0
13,False,"{'a': 0.002, 'e': 0.9996620190402377}",25,0,-141.5507835865662,"{0: 16, 1: 3, 2: 3, 3: 0, 4: 3}",0
14,False,"{'a': 0.002, 'e': 0.9996080256099974}",20,0,-146.08937829502895,"{0: 10, 1: 1, 2: 7, 3: 0, 4: 2}",0
15,False,"{'a': 0.002, 'e': 0.9995500337489875}",20,0,-109.05976498918871,"{0: 12, 1: 2, 2: 3, 3: 2, 4: 1}",0
16,False,"{'a': 0.002, 'e': 0.9994880436891754}",25,0,-54.14671770776675,"{0: 16, 1: 4, 2: 5, 3: 0, 4: 0}",0
17,False,"{'a': 0.002, 'e': 0.9994220556785212}",20,8,-5.345685360298029,"{0: 10, 1: 0, 2: 2, 3: 0, 4: 0}",1
18,False,"{'a': 0.002, 'e': 0.9993520699809768}",20,7,-139.88877472855833,"{0: 8, 1: 0, 2: 1, 3: 1, 4: 3}",1
19,False,"{'a': 0.002, 'e': 0.9992780868764849}",30,0,-133.49963484647725,"{0: 19, 1: 3, 2: 6, 3: 0, 4: 2}",0
20,False,"{'a': 0.002, 'e': 0.9992001066609779}",30,11,-140.64075461556092,"{0: 8, 1: 3, 2: 6, 3: 0, 4: 2}",1
21,False,"{'a': 0.002, 'e': 0.9991181296463766}",30,0,-132.40759931151692,"{0: 21, 1: 2, 2: 3, 3: 2, 4: 2}",0
22,False,"{'a': 0.002, 'e': 0.9990321561605888}",30,0,-155.35400402829782,"{0: 17, 1: 9, 2: 1, 3: 0, 4: 3}",0
23,False,"{'a': 0.002, 'e': 0.9989421865475084}",25,0,-107.78459248357657,"{0: 15, 1: 3, 2: 5, 3: 1, 4: 1}",1
24,False,"{'a': 0.002, 'e': 0.9988482211670138}",20,0,-90.07556475616323,"{0: 14, 1: 0, 2: 3, 3: 2, 4: 1}",0
25,False,"{'a': 0.002, 'e': 0.9987502603949663}",30,0,-260.55342853172607,"{0: 14, 1: 1, 2: 9, 3: 3, 4: 3}",0
26,False,"{'a': 0.002, 'e': 0.9986483046232089}",25,0,-115.69690061698333,"{0: 18, 1: 1, 2: 3, 3: 1, 4: 2}",0
27,False,"{'a': 0.002, 'e': 0.9985423542595644}",30,13,-83.95958088374691,"{0: 11, 1: 2, 2: 1, 3: 2, 4: 1}",1
28,False,"{'a': 0.002, 'e': 0.9984324097278344}",20,0,-134.74560083233564,"{0: 12, 1: 2, 2: 2, 3: 2, 4: 2}",0
29,False,"{'a': 0.002, 'e': 0.9983184714677966}",25,2,-130.69478832868313,"{0: 14, 1: 2, 2: 4, 3: 1, 4: 2}",1
30,False,"{'a': 0.002, 'e': 0.9982005399352042}",20,0,-24.732361953484766,"{0: 15, 1: 2, 2: 3, 3: 0, 4: 0}",0
31,False,"{'a': 0.002, 'e': 0.9980786156017829}",20,0,-65.60715107604764,"{0: 14, 1: 2, 2: 3, 3: 0, 4: 1}",0
32,False,"{'a': 0.002, 'e': 0.99795269895523}",25,0,-88.9933187768381,"{0: 16, 1: 3, 2: 5, 3: 0, 4: 1}",0
33,False,"{'a': 0.002, 'e': 0.9978227904992117}",20,0,-74.553012038578,"{0: 11, 1: 2, 2: 6, 3: 1, 4: 0}",0
34,False,"{'a': 0.002, 'e': 0.9976888907533621}",20,0,-112.44115653279539,"{0: 12, 1: 2, 2: 4, 3: 0, 4: 2}",0
35,False,"{'a': 0.002, 'e': 0.9975510002532796}",20,0,-189.9812952860366,"{0: 12, 1: 0, 2: 4, 3: 0, 4: 4}",0
36,False,"{'a': 0.002, 'e': 0.9974091195505261}",20,12,-40.17285848625768,"{0: 6, 1: 0, 2: 1, 3: 0, 4: 1}",1
37,False,"{'a': 0.002, 'e': 0.9972632492126244}",20,0,-28.731739426263637,"{0: 14, 1: 3, 2: 3, 3: 0, 4: 0}",0
38,False,"{'a': 0.002, 'e': 0.9971133898230555}",30,10,-116.2236379511586,"{0: 12, 1: 4, 2: 1, 3: 1, 4: 2}",1
39,False,"{'a': 0.002, 'e': 0.9969595419812568}",20,0,-176.46604669719122,"{0: 9, 1: 4, 2: 3, 3: 1, 4: 3}",0
40,False,"{'a': 0.002, 'e': 0.9968017063026194}",20,0,-62.03996488660697,"{0: 12, 1: 3, 2: 4, 3: 1, 4: 0}",0
41,False,"{'a': 0.002, 'e': 0.9966398834184859}",30,0,-67.73745864150686,"{0: 21, 1: 3, 2: 5, 3: 1, 4: 0}",0
42,False,"{'a': 0.002, 'e': 0.9964740739761475}",20,0,-139.3085452654603,"{0: 9, 1: 4, 2: 5, 3: 0, 4: 2}",0
43,False,"{'a': 0.002, 'e': 0.996304278638842}",20,0,-95.17971727510596,"{0: 11, 1: 2, 2: 6, 3: 0, 4: 1}",0
44,False,"{'a': 0.002, 'e': 0.9961304980857502}",30,0,-121.1288965796943,"{0: 19, 1: 1, 2: 9, 3: 0, 4: 1}",0
45,False,"{'a': 0.002, 'e': 0.9959527330119943}",20,0,-64.17359412031729,"{0: 11, 1: 4, 2: 4, 3: 1, 4: 0}",0
46,False,"{'a': 0.002, 'e': 0.9957709841286342}",20,0,-95.46652718219664,"{0: 12, 1: 2, 2: 4, 3: 1, 4: 1}",0
47,False,"{'a': 0.002, 'e': 0.9955852521626654}",20,0,-58.0466129653246,"{0: 11, 1: 4, 2: 5, 3: 0, 4: 0}",0
48,False,"{'a': 0.002, 'e': 0.9953955378570153}",20,0,-43.395227763217406,"{0: 16, 1: 2, 2: 1, 3: 0, 4: 1}",0
49,False,"{'a': 0.002, 'e': 0.995201841970541}",25,4,-148.8957471683151,"{0: 10, 1: 1, 2: 8, 3: 0, 4: 2}",1
50,False,"{'a': 0.002, 'e': 0.9950041652780257}",25,0,-67.72770607005431,"{0: 15, 1: 5, 2: 4, 3: 1, 4: 0}",0
51,False,"{'a': 0.002, 'e': 0.994802508570176}",25,0,-44.808919174354024,"{0: 18, 1: 2, 2: 4, 3: 1, 4: 0}",0
52,False,"{'a': 0.002, 'e': 0.9945968726536185}",25,0,-150.91463281272814,"{0: 14, 1: 1, 2: 8, 3: 0, 4: 2}",0
53,False,"{'a': 0.002, 'e': 0.9943872583508965}",20,0,-19.311937504523016,"{0: 16, 1: 2, 2: 2, 3: 0, 4: 0}",0
54,False,"{'a': 0.002, 'e': 0.9941736665004669}",20,0,-167.53771629456108,"{0: 11, 1: 2, 2: 3, 3: 1, 4: 3}",0
55,False,"{'a': 0.002, 'e': 0.9939560979566968}",25,0,-221.52643100121603,"{0: 16, 1: 0, 2: 3, 3: 2, 4: 4}",0
56,False,"{'a': 0.002, 'e': 0.9937345535898603}",25,0,-205.9294479177693,"{0: 13, 1: 0, 2: 8, 3: 1, 4: 3}",0
57,False,"{'a': 0.002, 'e': 0.9935090342861344}",25,0,-57.841378233750184,"{0: 18, 1: 0, 2: 6, 3: 1, 4: 0}",0
58,False,"{'a': 0.002, 'e': 0.9932795409475959}",35,0,-225.56675554954515,"{0: 21, 1: 0, 2: 9, 3: 2, 4: 3}",0
59,False,"{'a': 0.002, 'e': 0.993046074492218}",20,0,-155.5426076494355,"{0: 7, 1: 2, 2: 9, 3: 1, 4: 1}",0
60,False,"{'a': 0.002, 'e': 0.9928086358538663}",35,0,-151.53771912894237,"{0: 22, 1: 6, 2: 4, 3: 1, 4: 2}",0
61,False,"{'a': 0.002, 'e': 0.9925672259822949}",20,0,-74.53814063528449,"{0: 12, 1: 1, 2: 6, 3: 1, 4: 0}",0
62,False,"{'a': 0.002, 'e': 0.9923218458431429}",25,0,-201.6993385462085,"{0: 12, 1: 2, 2: 7, 3: 1, 4: 3}",0
63,False,"{'a': 0.002, 'e': 0.9920724964179307}",20,0,-230.8927469578516,"{0: 7, 1: 2, 2: 7, 3: 0, 4: 4}",0
64,False,"{'a': 0.002, 'e': 0.9918191787040556}",30,0,-144.7273837975083,"{0: 19, 1: 3, 2: 5, 3: 1, 4: 2}",0
65,False,"{'a': 0.002, 'e': 0.9915618937147881}",25,0,-98.68646768344782,"{0: 17, 1: 1, 2: 5, 3: 1, 4: 1}",0
66,False,"{'a': 0.002, 'e': 0.9913006424792677}",25,0,-232.56981194048086,"{0: 13, 1: 1, 2: 5, 3: 2, 4: 4}",0
67,False,"{'a': 0.002, 'e': 0.9910354260424993}",20,0,-26.26812203091758,"{0: 15, 1: 1, 2: 4, 3: 0, 4: 0}",0
68,False,"{'a': 0.002, 'e': 0.990766245465348}",25,0,-90.95276536424596,"{0: 16, 1: 3, 2: 4, 3: 1, 4: 1}",1
69,False,"{'a': 0.002, 'e': 0.9904931018245359}",30,0,-89.42800428718193,"{0: 20, 1: 3, 2: 4, 3: 3, 4: 0}",0
70,False,"{'a': 0.002, 'e': 0.9902159962126371}",25,0,-110.6725149480223,"{0: 14, 1: 7, 2: 1, 3: 2, 4: 1}",0
71,False,"{'a': 0.002, 'e': 0.9899349297380738}",20,0,-115.32554672529118,"{0: 12, 1: 2, 2: 4, 3: 0, 4: 2}",0
72,False,"{'a': 0.002, 'e': 0.9896499035251115}",20,0,-95.88302988150036,"{0: 12, 1: 3, 2: 3, 3: 1, 4: 1}",0
73,False,"{'a': 0.002, 'e': 0.9893609187138546}",20,0,-164.5336172859305,"{0: 9, 1: 3, 2: 4, 3: 2, 4: 2}",0
74,False,"{'a': 0.002, 'e': 0.989067976460242}",25,0,-96.13437403003252,"{0: 15, 1: 1, 2: 7, 3: 2, 4: 0}",0
75,False,"{'a': 0.002, 'e': 0.9887710779360422}",25,0,-65.86860533614671,"{0: 17, 1: 1, 2: 6, 3: 1, 4: 0}",0
76,False,"{'a': 0.002, 'e': 0.9884702243288492}",30,0,-226.36815002316354,"{0: 14, 1: 2, 2: 11, 3: 0, 4: 3}",0
77,False,"{'a': 0.002, 'e': 0.9881654168420767}",25,0,-225.9686931807075,"{0: 12, 1: 1, 2: 8, 3: 0, 4: 4}",0
78,False,"{'a': 0.002, 'e': 0.9878566566949545}",25,0,-172.50229800111222,"{0: 11, 1: 5, 2: 6, 3: 1, 4: 2}",0
79,False,"{'a': 0.002, 'e': 0.9875439451225226}",30,0,-49.50070243004913,"{0: 22, 1: 2, 2: 5, 3: 1, 4: 0}",0
80,False,"{'a': 0.002, 'e': 0.9872272833756269}",25,0,-167.78447919418343,"{0: 16, 1: 0, 2: 6, 3: 0, 4: 3}",0
81,False,"{'a': 0.002, 'e': 0.986906672720914}",20,6,-64.16266230779276,"{0: 10, 1: 0, 2: 2, 3: 1, 4: 1}",1
82,False,"{'a': 0.002, 'e': 0.9865821144408262}",20,0,-7.632258257028136,"{0: 16, 1: 3, 2: 1, 3: 0, 4: 0}",0
83,False,"{'a': 0.002, 'e': 0.986253609833596}",25,0,-104.97243897855262,"{0: 18, 1: 0, 2: 5, 3: 0, 4: 2}",0
84,False,"{'a': 0.002, 'e': 0.9859211602132415}",25,0,-224.51278709452092,"{0: 13, 1: 2, 2: 5, 3: 1, 4: 4}",0
85,False,"{'a': 0.002, 'e': 0.9855847669095608}",20,0,-155.37954284444226,"{0: 9, 1: 4, 2: 3, 3: 2, 4: 2}",1
86,False,"{'a': 0.002, 'e': 0.9852444312681263}",25,4,-165.7354632857901,"{0: 12, 1: 2, 2: 3, 3: 1, 4: 3}",1
87,False,"{'a': 0.002, 'e': 0.9849001546502806}",25,0,-64.2553097512074,"{0: 18, 1: 1, 2: 5, 3: 1, 4: 0}",0
88,False,"{'a': 0.002, 'e': 0.9845519384331295}",35,0,-89.90400129108926,"{0: 27, 1: 1, 2: 5, 3: 1, 4: 1}",0
89,False,"{'a': 0.002, 'e': 0.9841997840095373}",25,12,-38.14471194070425,"{0: 7, 1: 4, 2: 1, 3: 1, 4: 0}",1
90,False,"{'a': 0.002, 'e': 0.9838436927881214}",25,17,-1.770119582154282,"{0: 7, 1: 0, 2: 1, 3: 0, 4: 0}",1
91,False,"{'a': 0.002, 'e': 0.9834836661932461}",20,0,-122.86804666176972,"{0: 10, 1: 0, 2: 9, 3: 0, 4: 1}",0
92,False,"{'a': 0.002, 'e': 0.9831197056650174}",25,0,-87.05987542791667,"{0: 17, 1: 0, 2: 7, 3: 0, 4: 1}",0
93,False,"{'a': 0.002, 'e': 0.9827518126592768}",25,0,-168.56199485689336,"{0: 12, 1: 4, 2: 6, 3: 1, 4: 2}",0
94,False,"{'a': 0.002, 'e': 0.9823799886475959}",20,0,-71.67402022214269,"{0: 12, 1: 4, 2: 2, 3: 2, 4: 0}",0
95,False,"{'a': 0.002, 'e': 0.9820042351172703}",20,0,-112.52211541015043,"{0: 13, 1: 0, 2: 5, 3: 0, 4: 2}",0
96,False,"{'a': 0.002, 'e': 0.9816245535713135}",20,0,-172.02166860273647,"{0: 11, 1: 2, 2: 2, 3: 2, 4: 3}",0
97,False,"{'a': 0.002, 'e': 0.9812409455284513}",30,0,-81.31603489087908,"{0: 22, 1: 2, 2: 5, 3: 0, 4: 1}",0
98,False,"{'a': 0.002, 'e': 0.9808534125231153}",25,0,-96.99862252667778,"{0: 16, 1: 3, 2: 4, 3: 1, 4: 1}",0
99,False,"{'a': 0.002, 'e': 0.9804619561054371}",20,0,-24.2366456247533,"{0: 15, 1: 1, 2: 4, 3: 0, 4: 0}",0
100,False,"{'a': 0.002, 'e': 0.9800665778412416}",20,0,-93.18083100541672,"{0: 10, 1: 2, 2: 7, 3: 1, 4: 0}",0
101,False,"{'a': 0.002, 'e': 0.9796672793120416}",20,0,-87.09481397027355,"{0: 13, 1: 1, 2: 4, 3: 1, 4: 1}",0
102,False,"{'a': 0.002, 'e': 0.9792640621150305}",20,0,-111.68825852224131,"{0: 11, 1: 1, 2: 6, 3: 1, 4: 1}",0
103,False,"{'a': 0.002, 'e': 0.9788569278630767}",20,0,-41.6398708794551,"{0: 15, 1: 0, 2: 4, 3: 1, 4: 0}",0
104,False,"{'a': 0.002, 'e': 0.9784458781847165}",20,0,-83.4726657248293,"{0: 10, 1: 2, 2: 7, 3: 1, 4: 0}",0
105,False,"{'a': 0.002, 'e': 0.9780309147241483}",20,0,-86.73542331167663,"{0: 12, 1: 1, 2: 6, 3: 0, 4: 1}",0
106,False,"{'a': 0.002, 'e': 0.9776120391412251}",30,0,-56.097049280908344,"{0: 22, 1: 2, 2: 5, 3: 1, 4: 0}",0
107,False,"{'a': 0.002, 'e': 0.9771892531114489}",30,0,-124.6724991280918,"{0: 18, 1: 3, 2: 7, 3: 1, 4: 1}",0
108,False,"{'a': 0.002, 'e': 0.9767625583259631}",20,0,-117.53336229831746,"{0: 13, 1: 1, 2: 4, 3: 0, 4: 2}",0
109,False,"{'a': 0.002, 'e': 0.9763319564915464}",20,0,-44.240794643437766,"{0: 12, 1: 4, 2: 4, 3: 0, 4: 0}",0
110,False,"{'a': 0.002, 'e': 0.9758974493306055}",35,0,-352.7006841103155,"{0: 22, 1: 1, 2: 3, 3: 1, 4: 8}",0
111,False,"{'a': 0.002, 'e': 0.9754590385811684}",20,0,-68.31374796656615,"{0: 13, 1: 4, 2: 2, 3: 0, 4: 1}",0
112,False,"{'a': 0.002, 'e': 0.9750167259968777}",35,0,-225.9851630717515,"{0: 24, 1: 1, 2: 4, 3: 2, 4: 4}",0
113,False,"{'a': 0.002, 'e': 0.974570513346983}",35,0,-234.07112015762752,"{0: 19, 1: 2, 2: 9, 3: 2, 4: 3}",0
114,False,"{'a': 0.002, 'e': 0.9741204024163344}",20,0,-29.047123330497655,"{0: 14, 1: 3, 2: 3, 3: 0, 4: 0}",0
115,False,"{'a': 0.002, 'e': 0.9736663950053749}",30,2,-84.00510356954615,"{0: 17, 1: 1, 2: 10, 3: 0, 4: 0}",1
116,False,"{'a': 0.002, 'e': 0.9732084929301336}",25,0,-114.75796433604994,"{0: 17, 1: 0, 2: 6, 3: 0, 4: 2}",0
117,False,"{'a': 0.002, 'e': 0.9727466980222181}",20,0,-72.65408702512786,"{0: 12, 1: 1, 2: 6, 3: 1, 4: 0}",0
118,False,"{'a': 0.002, 'e': 0.9722810121288076}",25,8,-37.07670917814758,"{0: 15, 1: 0, 2: 0, 3: 1, 4: 1}",1
119,False,"{'a': 0.002, 'e': 0.971811437112645}",30,0,-127.04081411235947,"{0: 20, 1: 4, 2: 3, 3: 1, 4: 2}",0
120,False,"{'a': 0.002, 'e': 0.9713379748520297}",20,0,-76.34720528055762,"{0: 15, 1: 0, 2: 3, 3: 1, 4: 1}",0
121,False,"{'a': 0.002, 'e': 0.97086062724081}",20,0,-86.8063654347694,"{0: 11, 1: 2, 2: 5, 3: 2, 4: 0}",0
122,False,"{'a': 0.002, 'e': 0.9703793961883759}",30,0,-238.9435425942292,"{0: 15, 1: 4, 2: 6, 3: 1, 4: 4}",0
123,False,"{'a': 0.002, 'e': 0.9698942836196508}",25,0,-205.34335993806297,"{0: 13, 1: 2, 2: 5, 3: 2, 4: 3}",0
124,False,"{'a': 0.002, 'e': 0.9694052914750845}",25,0,-212.32567642606844,"{0: 14, 1: 3, 2: 3, 3: 1, 4: 4}",0
125,False,"{'a': 0.002, 'e': 0.9689124217106447}",20,0,-83.65477861997184,"{0: 12, 1: 2, 2: 5, 3: 0, 4: 1}",0
126,False,"{'a': 0.002, 'e': 0.9684156762978101}",20,0,-46.95580278900595,"{0: 16, 1: 1, 2: 2, 3: 0, 4: 1}",0
127,False,"{'a': 0.002, 'e': 0.9679150572235615}",25,0,-68.38930511720805,"{0: 18, 1: 3, 2: 3, 3: 0, 4: 1}",0
128,False,"{'a': 0.002, 'e': 0.9674105664903746}",20,0,-71.43468697682015,"{0: 14, 1: 0, 2: 3, 3: 3, 4: 0}",0
129,False,"{'a': 0.002, 'e': 0.9669022061162116}",25,8,-77.51849134351947,"{0: 10, 1: 3, 2: 2, 3: 1, 4: 1}",1
130,False,"{'a': 0.002, 'e': 0.9663899781345132}",30,0,-132.88154637556198,"{0: 20, 1: 1, 2: 6, 3: 1, 4: 2}",0
131,False,"{'a': 0.002, 'e': 0.9658738845941909}",20,0,-90.16255214568235,"{0: 11, 1: 5, 2: 2, 3: 1, 4: 1}",0
132,False,"{'a': 0.002, 'e': 0.965353927559618}",25,0,-108.53810814573256,"{0: 18, 1: 1, 2: 3, 3: 1, 4: 2}",0
133,False,"{'a': 0.002, 'e': 0.9648301091106221}",30,15,-38.738923350295536,"{0: 11, 1: 1, 2: 1, 3: 2, 4: 0}",1
134,False,"{'a': 0.002, 'e': 0.9643024313424761}",30,0,-129.5262282147325,"{0: 21, 1: 2, 2: 4, 3: 1, 4: 2}",0
135,False,"{'a': 0.002, 'e': 0.9637708963658905}",25,0,-119.3295857753032,"{0: 16, 1: 1, 2: 5, 3: 2, 4: 1}",0
136,False,"{'a': 0.002, 'e': 0.9632355063070045}",20,0,-70.51778660718259,"{0: 14, 1: 1, 2: 4, 3: 0, 4: 1}",0
137,False,"{'a': 0.002, 'e': 0.9626962633073776}",35,3,-93.0370522246073,"{0: 23, 1: 3, 2: 3, 3: 2, 4: 1}",1
138,False,"{'a': 0.002, 'e': 0.9621531695239809}",20,0,-22.393700340887577,"{0: 15, 1: 2, 2: 3, 3: 0, 4: 0}",0
139,False,"{'a': 0.002, 'e': 0.9616062271291891}",20,0,-77.85200820488434,"{0: 14, 1: 2, 2: 1, 3: 2, 4: 1}",0
140,False,"{'a': 0.002, 'e': 0.9610554383107709}",25,11,-50.416245392924985,"{0: 11, 1: 0, 2: 1, 3: 1, 4: 1}",1
141,False,"{'a': 0.002, 'e': 0.9605008052718809}",20,0,-67.23535166670234,"{0: 13, 1: 2, 2: 4, 3: 0, 4: 1}",0
142,False,"{'a': 0.002, 'e': 0.9599423302310505}",20,0,-88.91093497415518,"{0: 11, 1: 3, 2: 5, 3: 0, 4: 1}",0
143,False,"{'a': 0.002, 'e': 0.959380015422179}",20,0,-158.87313383483152,"{0: 11, 1: 1, 2: 5, 3: 0, 4: 3}",0
144,False,"{'a': 0.002, 'e': 0.9588138630945251}",20,0,-85.80863020203311,"{0: 13, 1: 1, 2: 4, 3: 1, 4: 1}",0
145,False,"{'a': 0.002, 'e': 0.9582438755126972}",25,0,-129.78848318172652,"{0: 16, 1: 1, 2: 6, 3: 0, 4: 2}",0
146,False,"{'a': 0.002, 'e': 0.9576700549566448}",25,0,-57.70979166904992,"{0: 15, 1: 5, 2: 5, 3: 0, 4: 0}",0
147,False,"{'a': 0.002, 'e': 0.9570924037216496}",20,0,-59.92219256798097,"{0: 14, 1: 1, 2: 3, 3: 2, 4: 0}",0
148,False,"{'a': 0.002, 'e': 0.9565109241183156}",30,0,-171.68639916342835,"{0: 16, 1: 4, 2: 7, 3: 1, 4: 2}",0
149,False,"{'a': 0.002, 'e': 0.9559256184725605}",20,0,-89.16248835381312,"{0: 13, 1: 0, 2: 6, 3: 0, 4: 1}",0
150,False,"{'a': 0.002, 'e': 0.955336489125606}",20,7,-8.465681944766484,"{0: 10, 1: 1, 2: 2, 3: 0, 4: 0}",1
151,False,"{'a': 0.002, 'e': 0.9547435384339689}",25,0,-215.85090518977506,"{0: 14, 1: 0, 2: 7, 3: 0, 4: 4}",0
152,False,"{'a': 0.002, 'e': 0.9541467687694509}",20,0,-106.93063056810585,"{0: 11, 1: 2, 2: 5, 3: 1, 4: 1}",0
153,False,"{'a': 0.002, 'e': 0.9535461825191301}",20,0,-122.58566393010433,"{0: 12, 1: 3, 2: 2, 3: 1, 4: 2}",0
154,False,"{'a': 0.002, 'e': 0.9529417820853506}",20,0,-58.651940133575586,"{0: 15, 1: 1, 2: 3, 3: 0, 4: 1}",0
155,False,"{'a': 0.002, 'e': 0.9523335698857134}",20,0,-53.43036221197173,"{0: 14, 1: 3, 2: 2, 3: 0, 4: 1}",0
156,False,"{'a': 0.002, 'e': 0.9517215483530664}",30,0,-113.83487244505287,"{0: 19, 1: 2, 2: 7, 3: 1, 4: 1}",0
157,False,"{'a': 0.002, 'e': 0.951105719935495}",30,0,-80.36578050147897,"{0: 19, 1: 2, 2: 9, 3: 0, 4: 0}",0
158,False,"{'a': 0.002, 'e': 0.9504860870963119}",20,0,-149.56789928035658,"{0: 8, 1: 1, 2: 7, 3: 4, 4: 0}",0
159,False,"{'a': 0.002, 'e': 0.9498626523140478}",35,0,-197.72741472123317,"{0: 22, 1: 2, 2: 7, 3: 1, 4: 3}",0
160,False,"{'a': 0.002, 'e': 0.9492354180824408}",30,15,-54.81216865897729,"{0: 10, 1: 2, 2: 2, 3: 0, 4: 1}",1
161,False,"{'a': 0.002, 'e': 0.9486043869104273}",25,0,-106.28975840415063,"{0: 16, 1: 0, 2: 7, 3: 1, 4: 1}",0
162,False,"{'a': 0.002, 'e': 0.9479695613221308}",20,0,-82.70035001419399,"{0: 12, 1: 3, 2: 2, 3: 3, 4: 0}",0
163,False,"{'a': 0.002, 'e': 0.9473309438568531}",25,0,-80.34743421822401,"{0: 17, 1: 3, 2: 4, 3: 0, 4: 1}",0
164,False,"{'a': 0.002, 'e': 0.9466885370690631}",25,0,-157.59892613930438,"{0: 18, 1: 2, 2: 1, 3: 0, 4: 4}",0
165,False,"{'a': 0.002, 'e': 0.946042343528387}",20,0,-51.98446724422054,"{0: 13, 1: 1, 2: 6, 3: 0, 4: 0}",0
166,False,"{'a': 0.002, 'e': 0.9453923658195982}",20,0,-65.96210116183732,"{0: 14, 1: 2, 2: 3, 3: 0, 4: 1}",0
167,False,"{'a': 0.002, 'e': 0.9447386065426066}",20,0,-69.67736056293879,"{0: 14, 1: 1, 2: 4, 3: 0, 4: 1}",0
168,False,"{'a': 0.002, 'e': 0.9440810683124485}",20,0,-101.10881053688715,"{0: 15, 1: 1, 2: 1, 3: 1, 4: 2}",0
169,False,"{'a': 0.002, 'e': 0.9434197537592759}",25,0,-37.363147246175636,"{0: 17, 1: 4, 2: 4, 3: 0, 4: 0}",0
170,False,"{'a': 0.002, 'e': 0.9427546655283462}",25,11,-63.55595701837689,"{0: 9, 1: 1, 2: 3, 3: 0, 4: 1}",1
171,False,"{'a': 0.002, 'e': 0.9420858062800114}",20,0,-0.9380211879875051,"{0: 16, 1: 4, 2: 0, 3: 0, 4: 0}",0
172,False,"{'a': 0.002, 'e': 0.9414131786897075}",25,0,-210.5528053875213,"{0: 16, 1: 0, 2: 3, 3: 2, 4: 4}",0
173,False,"{'a': 0.002, 'e': 0.9407367854479443}",30,0,-153.1719010907708,"{0: 21, 1: 1, 2: 5, 3: 0, 4: 3}",0
174,False,"{'a': 0.002, 'e': 0.9400566292602934}",25,0,-125.8350696577854,"{0: 15, 1: 4, 2: 3, 3: 1, 4: 2}",0
175,False,"{'a': 0.002, 'e': 0.9393727128473789}",25,0,-79.00225535165573,"{0: 16, 1: 4, 2: 4, 3: 0, 4: 1}",0
176,False,"{'a': 0.002, 'e': 0.9386850389448655}",20,0,-160.573087167592,"{0: 10, 1: 1, 2: 5, 3: 2, 4: 2}",0
177,False,"{'a': 0.002, 'e': 0.937993610303448}",25,2,-60.965995369784515,"{0: 14, 1: 0, 2: 9, 3: 0, 4: 0}",1
178,False,"{'a': 0.002, 'e': 0.9372984296888399}",20,0,-23.371421333572524,"{0: 16, 1: 2, 2: 1, 3: 1, 4: 0}",0
179,False,"{'a': 0.002, 'e': 0.9365994998817627}",25,0,-127.18071650945676,"{0: 12, 1: 5, 2: 6, 3: 1, 4: 1}",0
180,False,"{'a': 0.002, 'e': 0.9358968236779348}",20,0,-106.52398920324035,"{0: 13, 1: 1, 2: 2, 3: 3, 4: 1}",0
181,False,"{'a': 0.002, 'e': 0.9351904038880602}",20,15,-1.2654533665172498,"{0: 4, 1: 0, 2: 1, 3: 0, 4: 0}",1
182,False,"{'a': 0.002, 'e': 0.9344802433378168}",20,0,-135.46370448119552,"{0: 14, 1: 0, 2: 3, 3: 0, 4: 3}",0
183,False,"{'a': 0.002, 'e': 0.933766344867846}",20,0,-97.55039792911417,"{0: 12, 1: 2, 2: 4, 3: 1, 4: 1}",0
184,False,"{'a': 0.002, 'e': 0.9330487113337409}",20,0,-162.359612246003,"{0: 11, 1: 2, 2: 4, 3: 0, 4: 3}",0
185,False,"{'a': 0.002, 'e': 0.9323273456060345}",20,0,-18.429528821262508,"{0: 17, 1: 0, 2: 2, 3: 1, 4: 0}",0
186,False,"{'a': 0.002, 'e': 0.9316022505701886}",30,0,-163.18350329386058,"{0: 22, 1: 2, 2: 2, 3: 0, 4: 4}",0
187,False,"{'a': 0.002, 'e': 0.9308734291265828}",20,14,-5.075501269955069,"{0: 4, 1: 2, 2: 0, 3: 0, 4: 0}",1
188,False,"{'a': 0.002, 'e': 0.9301408841905014}",25,0,-130.73385215355887,"{0: 15, 1: 1, 2: 6, 3: 2, 4: 1}",0
189,False,"{'a': 0.002, 'e': 0.9294046186921237}",30,0,-196.7685954181858,"{0: 17, 1: 2, 2: 7, 3: 1, 4: 3}",0
190,False,"{'a': 0.002, 'e': 0.9286646355765102}",20,0,-141.6943452025109,"{0: 13, 1: 1, 2: 3, 3: 0, 4: 3}",0
191,False,"{'a': 0.002, 'e': 0.9279209378035927}",25,0,-125.1256452930345,"{0: 16, 1: 3, 2: 3, 3: 1, 4: 2}",0
192,False,"{'a': 0.002, 'e': 0.9271735283481612}",20,3,-68.81800420526892,"{0: 11, 1: 1, 2: 4, 3: 0, 4: 1}",1
193,False,"{'a': 0.002, 'e': 0.9264224101998526}",25,0,-199.93549299321538,"{0: 12, 1: 1, 2: 7, 3: 3, 4: 2}",0
194,False,"{'a': 0.002, 'e': 0.9256675863631385}",20,0,-19.784520809659956,"{0: 15, 1: 3, 2: 2, 3: 0, 4: 0}",0
195,False,"{'a': 0.002, 'e': 0.9249090598573131}",20,0,-102.02697130615691,"{0: 13, 1: 2, 2: 3, 3: 0, 4: 2}",0
196,False,"{'a': 0.002, 'e': 0.9241468337164814}",25,0,-115.41560469695389,"{0: 15, 1: 2, 2: 5, 3: 2, 4: 1}",0
197,False,"{'a': 0.002, 'e': 0.9233809109895471}",25,0,-165.24744089593776,"{0: 12, 1: 5, 2: 5, 3: 1, 4: 2}",0
198,False,"{'a': 0.002, 'e': 0.9226112947402}",20,0,-99.47797291328044,"{0: 14, 1: 1, 2: 3, 3: 0, 4: 2}",0
199,False,"{'a': 0.002, 'e': 0.9218379880469041}",20,0,-91.95253374677246,"{0: 13, 1: 1, 2: 4, 3: 1, 4: 1}",0
200,False,"{'a': 0.002, 'e': 0.9210609940028851}",30,6,-79.52014183367335,"{0: 17, 1: 1, 2: 4, 3: 1, 4: 1}",1
201,False,"{'a': 0.002, 'e': 0.9202803157161181}",20,0,-113.38839712574183,"{0: 13, 1: 1, 2: 4, 3: 0, 4: 2}",0
202,False,"{'a': 0.002, 'e': 0.9194959563093155}",20,0,-120.82806609018606,"{0: 12, 1: 1, 2: 5, 3: 0, 4: 2}",0
203,False,"{'a': 0.002, 'e': 0.9187079189199134}",30,0,-137.54702463577368,"{0: 22, 1: 3, 2: 1, 3: 1, 4: 3}",0
204,False,"{'a': 0.002, 'e': 0.9179162067000607}",25,0,-171.10108684579757,"{0: 13, 1: 5, 2: 2, 3: 3, 4: 2}",0
205,False,"{'a': 0.002, 'e': 0.9171208228166051}",20,0,-59.09484554407673,"{0: 13, 1: 1, 2: 5, 3: 1, 4: 0}",0
206,False,"{'a': 0.002, 'e': 0.916321770451081}",20,0,-122.76827755524103,"{0: 13, 1: 0, 2: 4, 3: 1, 4: 2}",0
207,False,"{'a': 0.002, 'e': 0.9155190527996969}",30,0,-225.9399498632115,"{0: 14, 1: 1, 2: 12, 3: 0, 4: 3}",0
208,False,"{'a': 0.002, 'e': 0.9147126730733223}",20,0,-54.34528994947288,"{0: 15, 1: 1, 2: 3, 3: 0, 4: 1}",0
209,False,"{'a': 0.002, 'e': 0.913902634497475}",20,0,-106.27549073066335,"{0: 12, 1: 0, 2: 6, 3: 1, 4: 1}",0
210,False,"{'a': 0.002, 'e': 0.9130889403123083}",20,0,-57.979736094239726,"{0: 15, 1: 1, 2: 3, 3: 0, 4: 1}",0
211,False,"{'a': 0.002, 'e': 0.9122715937725977}",30,0,-145.52156413532504,"{0: 17, 1: 2, 2: 9, 3: 1, 4: 1}",0
212,False,"{'a': 0.002, 'e': 0.9114505981477284}",20,0,-120.84191149861101,"{0: 11, 1: 0, 2: 7, 3: 1, 4: 1}",0
213,False,"{'a': 0.002, 'e': 0.9106259567216819}",25,6,-44.435253093903476,"{0: 13, 1: 1, 2: 4, 3: 1, 4: 0}",1
214,False,"{'a': 0.002, 'e': 0.9097976727930226}",30,0,-111.1277346817151,"{0: 18, 1: 3, 2: 6, 3: 3, 4: 0}",0
215,False,"{'a': 0.002, 'e': 0.9089657496748851}",20,0,-26.998008845783435,"{0: 14, 1: 3, 2: 3, 3: 0, 4: 0}",0
216,False,"{'a': 0.002, 'e': 0.9081301906949609}",20,0,-122.43176643036374,"{0: 11, 1: 3, 2: 2, 3: 3, 4: 1}",0
217,False,"{'a': 0.002, 'e': 0.9072909991954848}",20,12,-10.366485157599262,"{0: 6, 1: 0, 2: 2, 3: 0, 4: 0}",1
218,False,"{'a': 0.002, 'e': 0.9064481785332217}",20,0,-78.82446647285096,"{0: 13, 1: 3, 2: 2, 3: 1, 4: 1}",0
219,False,"{'a': 0.002, 'e': 0.9056017320794529}",20,0,-36.22653122573763,"{0: 14, 1: 3, 2: 2, 3: 1, 4: 0}",0
220,False,"{'a': 0.002, 'e': 0.9047516632199635}",20,0,-76.57142693976091,"{0: 11, 1: 1, 2: 8, 3: 0, 4: 0}",0
221,False,"{'a': 0.002, 'e': 0.9038979753550274}",25,0,-64.0413652927802,"{0: 17, 1: 1, 2: 6, 3: 1, 4: 0}",0
222,False,"{'a': 0.002, 'e': 0.903040671899395}",25,0,-144.53435840252246,"{0: 15, 1: 1, 2: 6, 3: 1, 4: 2}",0
223,False,"{'a': 0.002, 'e': 0.9021797562822791}",20,0,-76.21966637879343,"{0: 11, 1: 2, 2: 6, 3: 1, 4: 0}",0
224,False,"{'a': 0.002, 'e': 0.901315231947341}",25,0,-278.895761414529,"{0: 10, 1: 0, 2: 9, 3: 2, 4: 4}",0
225,False,"{'a': 0.002, 'e': 0.9004471023526769}",20,0,-82.44729114171484,"{0: 13, 1: 0, 2: 6, 3: 0, 4: 1}",0
226,False,"{'a': 0.002, 'e': 0.899575370970804}",20,0,-101.56690987315442,"{0: 10, 1: 4, 2: 5, 3: 0, 4: 1}",0
227,False,"{'a': 0.002, 'e': 0.8987000412886466}",20,0,-121.44077515657163,"{0: 10, 1: 2, 2: 6, 3: 1, 4: 1}",0
228,False,"{'a': 0.002, 'e': 0.8978211168075223}",30,16,-28.751460734113255,"{0: 9, 1: 1, 2: 4, 3: 0, 4: 0}",1
229,False,"{'a': 0.002, 'e': 0.896938601043128}",20,0,-32.723591232820475,"{0: 15, 1: 0, 2: 5, 3: 0, 4: 0}",0
230,False,"{'a': 0.002, 'e': 0.8960524975255253}",20,6,-22.381858348424682,"{0: 10, 1: 3, 2: 0, 3: 1, 4: 0}",1
231,False,"{'a': 0.002, 'e': 0.8951628097991272}",20,0,-81.3795364043684,"{0: 14, 1: 0, 2: 4, 3: 1, 4: 1}",0
232,False,"{'a': 0.002, 'e': 0.8942695414226836}",20,0,-25.627089443751615,"{0: 16, 1: 1, 2: 2, 3: 1, 4: 0}",0
233,False,"{'a': 0.002, 'e': 0.8933726959692665}",35,0,-199.93656161431736,"{0: 19, 1: 5, 2: 8, 3: 0, 4: 3}",0
234,False,"{'a': 0.002, 'e': 0.8924722770262568}",25,0,-115.74683883193907,"{0: 14, 1: 4, 2: 5, 3: 1, 4: 1}",0
235,False,"{'a': 0.002, 'e': 0.8915682881953289}",20,0,-98.29555287636818,"{0: 12, 1: 0, 2: 7, 3: 0, 4: 1}",0
236,False,"{'a': 0.002, 'e': 0.890660733092437}",25,0,-23.640238047338325,"{0: 20, 1: 1, 2: 4, 3: 0, 4: 0}",0
237,False,"{'a': 0.002, 'e': 0.8897496153478003}",30,0,-93.59872499850277,"{0: 20, 1: 4, 2: 4, 3: 1, 4: 1}",0
238,False,"{'a': 0.002, 'e': 0.8888349386058886}",20,0,-79.47785418651901,"{0: 13, 1: 2, 2: 4, 3: 0, 4: 1}",0
239,False,"{'a': 0.002, 'e': 0.8879167065254074}",30,0,-88.6315252226306,"{0: 22, 1: 1, 2: 5, 3: 1, 4: 1}",0
240,False,"{'a': 0.002, 'e': 0.8869949227792842}",25,0,-154.04397966580703,"{0: 16, 1: 0, 2: 5, 3: 2, 4: 2}",0
241,False,"{'a': 0.002, 'e': 0.8860695910546524}",30,0,-194.51861978913345,"{0: 13, 1: 8, 2: 5, 3: 2, 4: 2}",0
242,False,"{'a': 0.002, 'e': 0.8851407150528379}",25,0,-165.98286862616217,"{0: 14, 1: 1, 2: 7, 3: 1, 4: 2}",0
243,False,"{'a': 0.002, 'e': 0.8842082984893433}",20,0,-64.71524812731263,"{0: 14, 1: 2, 2: 3, 3: 0, 4: 1}",0
244,False,"{'a': 0.002, 'e': 0.8832723450938338}",20,10,-29.31777072552219,"{0: 5, 1: 2, 2: 3, 3: 0, 4: 0}",1
245,False,"{'a': 0.002, 'e': 0.8823328586101216}",20,0,-122.33296390257355,"{0: 12, 1: 1, 2: 3, 3: 3, 4: 1}",0
246,False,"{'a': 0.002, 'e': 0.8813898427961513}",30,0,-188.5586172765997,"{0: 16, 1: 3, 2: 7, 3: 2, 4: 2}",0
247,False,"{'a': 0.002, 'e': 0.880443301423985}",25,0,-80.46045921751539,"{0: 19, 1: 2, 2: 2, 3: 0, 4: 2}",0
248,False,"{'a': 0.002, 'e': 0.879493238279787}",30,0,-226.0520885850739,"{0: 17, 1: 2, 2: 6, 3: 1, 4: 4}",0
249,False,"{'a': 0.002, 'e': 0.8785396571638084}",20,0,-55.096991600059845,"{0: 15, 1: 2, 2: 2, 3: 0, 4: 1}",0
250,False,"{'a': 0.002, 'e': 0.8775825618903728}",20,0,-91.67628264062488,"{0: 13, 1: 1, 2: 4, 3: 1, 4: 1}",0
251,False,"{'a': 0.002, 'e': 0.8766219562878595}",25,13,-52.428773150826665,"{0: 8, 1: 1, 2: 2, 3: 0, 4: 1}",1
252,False,"{'a': 0.002, 'e': 0.87565784419869}",20,0,-17.125315836958556,"{0: 15, 1: 4, 2: 0, 3: 1, 4: 0}",0
253,False,"{'a': 0.002, 'e': 0.8746902294793112}",20,0,-44.914272674131766,"{0: 16, 1: 0, 2: 3, 3: 0, 4: 1}",0
254,False,"{'a': 0.002, 'e': 0.8737191160001807}",30,0,-91.1815276998582,"{0: 19, 1: 3, 2: 7, 3: 1, 4: 0}",0
255,False,"{'a': 0.002, 'e': 0.8727445076457513}",30,22,-12.457325521029988,"{0: 6, 1: 0, 2: 2, 3: 0, 4: 0}",1
256,False,"{'a': 0.002, 'e': 0.8717664083144548}",25,8,-76.50432918699903,"{0: 12, 1: 2, 2: 1, 3: 0, 4: 2}",1
257,False,"{'a': 0.002, 'e': 0.8707848219186876}",25,0,-190.04483453629481,"{0: 13, 1: 2, 2: 6, 3: 1, 4: 3}",0
258,False,"{'a': 0.002, 'e': 0.8697997523847936}",20,0,-77.47066940307741,"{0: 12, 1: 3, 2: 4, 3: 0, 4: 1}",0
259,False,"{'a': 0.002, 'e': 0.8688112036530499}",25,0,-81.24470056465712,"{0: 16, 1: 3, 2: 5, 3: 0, 4: 1}",0
260,False,"{'a': 0.002, 'e': 0.8678191796776499}",30,0,-66.75896300670779,"{0: 23, 1: 2, 2: 3, 3: 1, 4: 1}",0
261,False,"{'a': 0.002, 'e': 0.8668236844266883}",30,22,-9.727281176700881,"{0: 6, 1: 0, 2: 2, 3: 0, 4: 0}",1
262,False,"{'a': 0.002, 'e': 0.8658247218821449}",20,0,-176.9447303159451,"{0: 7, 1: 1, 2: 8, 3: 3, 4: 1}",0
263,False,"{'a': 0.002, 'e': 0.8648222960398682}",20,0,-205.1192919709044,"{0: 10, 1: 2, 2: 3, 3: 1, 4: 4}",0
264,False,"{'a': 0.002, 'e': 0.8638164109095605}",20,0,-14.28854023184075,"{0: 16, 1: 2, 2: 1, 3: 1, 4: 0}",0
265,False,"{'a': 0.002, 'e': 0.862807070514761}",30,0,-111.6147575416955,"{0: 25, 1: 1, 2: 1, 3: 0, 4: 3}",0
266,False,"{'a': 0.002, 'e': 0.8617942788928298}",35,0,-229.9835472296028,"{0: 19, 1: 2, 2: 7, 3: 5, 4: 2}",0
267,False,"{'a': 0.002, 'e': 0.8607780400949321}",30,6,-51.88680855606719,"{0: 19, 1: 0, 2: 4, 3: 0, 4: 1}",1
268,False,"{'a': 0.002, 'e': 0.8597583581860216}",25,5,-120.32824844331678,"{0: 11, 1: 1, 2: 5, 3: 2, 4: 1}",1
269,False,"{'a': 0.002, 'e': 0.8587352372448249}",20,0,-94.42094387653813,"{0: 13, 1: 0, 2: 5, 3: 1, 4: 1}",0
270,False,"{'a': 0.002, 'e': 0.8577086813638242}",20,0,-68.20454898708604,"{0: 14, 1: 1, 2: 4, 3: 0, 4: 1}",0
271,False,"{'a': 0.002, 'e': 0.8566786946492415}",25,11,20.55084757443134,"{0: 14, 1: 0, 2: 0, 3: 0, 4: 0}",1
272,False,"{'a': 0.002, 'e': 0.8556452812210225}",20,0,-35.94737850088549,"{0: 16, 1: 0, 2: 3, 3: 1, 4: 0}",0
273,False,"{'a': 0.002, 'e': 0.8546084452128195}",20,6,-21.235415609131042,"{0: 11, 1: 0, 2: 2, 3: 1, 4: 0}",1
274,False,"{'a': 0.002, 'e': 0.8535681907719751}",25,0,-170.81200698175527,"{0: 18, 1: 1, 2: 1, 3: 1, 4: 4}",0
275,False,"{'a': 0.002, 'e': 0.8525245220595057}",25,0,-132.25218652375892,"{0: 14, 1: 1, 2: 8, 3: 1, 4: 1}",0
276,False,"{'a': 0.002, 'e': 0.8514774432500848}",25,0,-183.4871256092554,"{0: 14, 1: 1, 2: 7, 3: 0, 4: 3}",0
277,False,"{'a': 0.002, 'e': 0.8504269585320262}",20,0,-57.301646474471454,"{0: 14, 1: 1, 2: 3, 3: 2, 4: 0}",0
278,False,"{'a': 0.002, 'e': 0.8493730721072673}",20,1,-61.10705667710971,"{0: 13, 1: 2, 2: 3, 3: 0, 4: 1}",1
279,False,"{'a': 0.002, 'e': 0.8483157881913526}",20,0,-78.64312660761786,"{0: 14, 1: 1, 2: 3, 3: 1, 4: 1}",0
280,False,"{'a': 0.002, 'e': 0.8472551110134161}",20,0,-47.875164798864546,"{0: 16, 1: 0, 2: 3, 3: 0, 4: 1}",0
281,False,"{'a': 0.002, 'e': 0.8461910448161652}",20,7,-35.55936722699771,"{0: 9, 1: 0, 2: 3, 3: 1, 4: 0}",1
282,False,"{'a': 0.002, 'e': 0.8451235938558634}",25,0,-111.90957017103497,"{0: 15, 1: 2, 2: 6, 3: 1, 4: 1}",0
283,False,"{'a': 0.002, 'e': 0.844052762402313}",25,10,-48.248153229931575,"{0: 11, 1: 0, 2: 3, 3: 0, 4: 1}",1
284,False,"{'a': 0.002, 'e': 0.8429785547388383}",25,0,-113.25868051608808,"{0: 14, 1: 2, 2: 8, 3: 0, 4: 1}",0
285,False,"{'a': 0.002, 'e': 0.8419009751622687}",20,0,-81.46613897096563,"{0: 13, 1: 2, 2: 3, 3: 1, 4: 1}",0
286,False,"{'a': 0.002, 'e': 0.840820027982921}",20,0,-124.47218870883201,"{0: 12, 1: 2, 2: 3, 3: 1, 4: 2}",0
287,False,"{'a': 0.002, 'e': 0.8397357175245823}",25,0,0.34170055108633934,"{0: 22, 1: 1, 2: 2, 3: 0, 4: 0}",0
288,False,"{'a': 0.002, 'e': 0.8386480481244933}",35,0,-91.8438310575134,"{0: 23, 1: 4, 2: 6, 3: 2, 4: 0}",0
289,False,"{'a': 0.002, 'e': 0.8375570241333301}",20,0,-37.731641842874794,"{0: 17, 1: 0, 2: 2, 3: 0, 4: 1}",0
290,False,"{'a': 0.002, 'e': 0.8364626499151869}",20,0,-50.708454547416544,"{0: 13, 1: 1, 2: 6, 3: 0, 4: 0}",0
291,False,"{'a': 0.002, 'e': 0.8353649298475594}",20,0,-21.70408897917985,"{0: 13, 1: 5, 2: 2, 3: 0, 4: 0}",0
292,False,"{'a': 0.002, 'e': 0.8342638683213264}",25,0,-130.48466411611142,"{0: 16, 1: 2, 2: 4, 3: 1, 4: 2}",0
293,False,"{'a': 0.002, 'e': 0.8331594697407324}",20,0,-145.89194088490368,"{0: 14, 1: 0, 2: 2, 3: 1, 4: 3}",0
294,False,"{'a': 0.002, 'e': 0.8320517385233703}",20,0,-150.60479119601396,"{0: 11, 1: 2, 2: 4, 3: 0, 4: 3}",0
295,False,"{'a': 0.002, 'e': 0.8309406791001634}",25,0,-83.4083976395963,"{0: 17, 1: 1, 2: 6, 3: 0, 4: 1}",0
296,False,"{'a': 0.002, 'e': 0.8298262959153483}",20,0,-29.07303353970022,"{0: 17, 1: 1, 2: 1, 3: 0, 4: 1}",0
297,False,"{'a': 0.002, 'e': 0.8287085934264558}",25,0,-190.1315709188171,"{0: 14, 1: 3, 2: 3, 3: 2, 4: 3}",0
298,False,"{'a': 0.002, 'e': 0.8275875761042946}",20,0,-119.70780795932595,"{0: 10, 1: 0, 2: 7, 3: 3, 4: 0}",0
299,False,"{'a': 0.002, 'e': 0.8264632484329323}",20,2,-36.174979290806405,"{0: 15, 1: 0, 2: 2, 3: 0, 4: 1}",1
300,False,"{'a': 0.002, 'e': 0.8253356149096783}",20,0,-56.52857178317855,"{0: 15, 1: 1, 2: 3, 3: 0, 4: 1}",0
301,False,"{'a': 0.002, 'e': 0.8242046800450651}",20,0,-59.97976347281057,"{0: 15, 1: 1, 2: 2, 3: 1, 4: 1}",0
302,False,"{'a': 0.002, 'e': 0.8230704483628307}",25,0,-122.99794331144354,"{0: 15, 1: 0, 2: 8, 3: 1, 4: 1}",0
303,False,"{'a': 0.002, 'e': 0.8219329243999003}",20,0,-11.338495934248105,"{0: 17, 1: 0, 2: 3, 3: 0, 4: 0}",0
304,False,"{'a': 0.002, 'e': 0.8207921127063681}",25,0,-46.5707545234225,"{0: 18, 1: 3, 2: 3, 3: 1, 4: 0}",0
305,False,"{'a': 0.002, 'e': 0.8196480178454795}",30,0,-68.84696628498742,"{0: 20, 1: 3, 2: 6, 3: 1, 4: 0}",0
306,False,"{'a': 0.002, 'e': 0.8185006443936125}",25,0,-85.73305548621727,"{0: 19, 1: 2, 2: 2, 3: 0, 4: 2}",0
307,False,"{'a': 0.002, 'e': 0.8173499969402591}",25,0,-147.9961287103685,"{0: 15, 1: 0, 2: 7, 3: 1, 4: 2}",0
308,False,"{'a': 0.002, 'e': 0.8161960800880078}",20,2,11.446937951197775,"{0: 17, 1: 0, 2: 1, 3: 0, 4: 0}",1
309,False,"{'a': 0.002, 'e': 0.8150388984525244}",25,0,-155.8018939100092,"{0: 15, 1: 1, 2: 5, 3: 2, 4: 2}",0
310,False,"{'a': 0.002, 'e': 0.8138784566625339}",20,0,-119.83687859351166,"{0: 13, 1: 2, 2: 1, 3: 2, 4: 2}",0
311,False,"{'a': 0.002, 'e': 0.812714759359802}",20,0,-92.52428807433424,"{0: 13, 1: 2, 2: 2, 3: 2, 4: 1}",0
312,False,"{'a': 0.002, 'e': 0.8115478111991162}",30,0,-54.76983778162003,"{0: 22, 1: 2, 2: 4, 3: 2, 4: 0}",0
313,False,"{'a': 0.002, 'e': 0.8103776168482677}",25,0,-95.00510710624044,"{0: 20, 1: 1, 2: 0, 3: 2, 4: 2}",0
314,False,"{'a': 0.002, 'e': 0.8092041809880323}",20,0,-149.50446625699743,"{0: 12, 1: 1, 2: 4, 3: 0, 4: 3}",1
315,False,"{'a': 0.002, 'e': 0.8080275083121519}",20,0,-118.09963017739153,"{0: 12, 1: 1, 2: 5, 3: 0, 4: 2}",0
316,False,"{'a': 0.002, 'e': 0.8068476035273155}",20,0,-65.93373750259573,"{0: 13, 1: 3, 2: 3, 3: 0, 4: 1}",0
317,False,"{'a': 0.002, 'e': 0.8056644713531409}",20,5,-1.9472694740494052,"{0: 12, 1: 2, 2: 1, 3: 0, 4: 0}",1
318,False,"{'a': 0.002, 'e': 0.8044781165221552}",30,0,-77.85505157013804,"{0: 22, 1: 0, 2: 7, 3: 0, 4: 1}",0
319,False,"{'a': 0.002, 'e': 0.8032885437797759}",20,0,-96.09436350576867,"{0: 11, 1: 2, 2: 6, 3: 0, 4: 1}",0
320,False,"{'a': 0.002, 'e': 0.8020957578842927}",25,0,-41.10721258843218,"{0: 18, 1: 3, 2: 3, 3: 1, 4: 0}",0
321,False,"{'a': 0.002, 'e': 0.8008997636068472}",25,0,-90.41504534156388,"{0: 17, 1: 0, 2: 7, 3: 0, 4: 1}",0
322,False,"{'a': 0.002, 'e': 0.7997005657314152}",25,13,-48.462077826884666,"{0: 6, 1: 2, 2: 3, 3: 1, 4: 0}",1
323,False,"{'a': 0.002, 'e': 0.7984981690547867}",25,0,-121.54287186190395,"{0: 14, 1: 5, 2: 4, 3: 0, 4: 2}",0
324,False,"{'a': 0.002, 'e': 0.7972925783865465}",25,0,-121.38856805260781,"{0: 17, 1: 4, 2: 1, 3: 0, 4: 3}",0
325,False,"{'a': 0.002, 'e': 0.7960837985490559}",20,4,-68.61307256536155,"{0: 9, 1: 2, 2: 3, 3: 2, 4: 0}",1
326,False,"{'a': 0.002, 'e': 0.7948718343774324}",20,0,-63.00493382141367,"{0: 13, 1: 3, 2: 3, 3: 0, 4: 1}",0
327,False,"{'a': 0.002, 'e': 0.7936566907195313}",25,10,-49.0244623121612,"{0: 11, 1: 1, 2: 2, 3: 0, 4: 1}",1
328,False,"{'a': 0.002, 'e': 0.7924383724359255}",20,0,-60.23095877258948,"{0: 15, 1: 0, 2: 4, 3: 0, 4: 1}",0
329,False,"{'a': 0.002, 'e': 0.7912168843998866}",20,0,-84.24360746323833,"{0: 16, 1: 0, 2: 1, 3: 1, 4: 2}",0
330,False,"{'a': 0.002, 'e': 0.7899922314973651}",30,0,-154.8748590897894,"{0: 22, 1: 0, 2: 4, 3: 1, 4: 3}",0
331,False,"{'a': 0.002, 'e': 0.7887644186269709}",20,0,-57.16203842806986,"{0: 15, 1: 2, 2: 1, 3: 1, 4: 1}",0
332,False,"{'a': 0.002, 'e': 0.7875334506999538}",25,0,-96.33459164783474,"{0: 18, 1: 2, 2: 3, 3: 0, 4: 2}",0
333,False,"{'a': 0.002, 'e': 0.7862993326401839}",20,0,-153.6515271732182,"{0: 12, 1: 1, 2: 4, 3: 0, 4: 3}",0
334,False,"{'a': 0.002, 'e': 0.785062069384132}",25,0,-124.19706541596359,"{0: 19, 1: 0, 2: 3, 3: 0, 4: 3}",0
335,False,"{'a': 0.002, 'e': 0.7838216658808492}",20,0,-161.05573646312968,"{0: 12, 1: 1, 2: 3, 3: 1, 4: 3}",0
336,False,"{'a': 0.002, 'e': 0.7825781270919481}",20,0,-116.00443517244689,"{0: 13, 1: 1, 2: 3, 3: 1, 4: 2}",0
337,False,"{'a': 0.002, 'e': 0.781331457991582}",20,2,-160.0321238980907,"{0: 10, 1: 1, 2: 3, 3: 1, 4: 3}",1
338,False,"{'a': 0.002, 'e': 0.7800816635664256}",25,0,-100.2625004834035,"{0: 17, 1: 4, 2: 2, 3: 0, 4: 2}",0
339,False,"{'a': 0.002, 'e': 0.7788287488156552}",25,0,-99.32070743269115,"{0: 13, 1: 7, 2: 2, 3: 3, 4: 0}",0
340,False,"{'a': 0.002, 'e': 0.7775727187509279}",25,0,-71.60531274376063,"{0: 14, 1: 4, 2: 7, 3: 0, 4: 0}",0
341,False,"{'a': 0.002, 'e': 0.7763135783963624}",25,0,-124.76875683073392,"{0: 16, 1: 1, 2: 6, 3: 0, 4: 2}",0
342,False,"{'a': 0.002, 'e': 0.7750513327885183}",20,0,-95.48769063056005,"{0: 15, 1: 1, 2: 1, 3: 1, 4: 2}",0
343,False,"{'a': 0.002, 'e': 0.7737859869763766}",25,0,-93.99162253403757,"{0: 19, 1: 2, 2: 2, 3: 0, 4: 2}",0
344,False,"{'a': 0.002, 'e': 0.7725175460213186}",30,8,-138.9949166442307,"{0: 13, 1: 3, 2: 3, 3: 0, 4: 3}",1
345,False,"{'a': 0.002, 'e': 0.7712460149971065}",25,0,-97.88325895280433,"{0: 16, 1: 3, 2: 4, 3: 1, 4: 1}",0
346,False,"{'a': 0.002, 'e': 0.7699713989898629}",20,0,-48.62337979429085,"{0: 16, 1: 1, 2: 2, 3: 0, 4: 1}",0
347,False,"{'a': 0.002, 'e': 0.7686937030980499}",20,12,-17.292418029565766,"{0: 6, 1: 0, 2: 1, 3: 1, 4: 0}",1
348,False,"{'a': 0.002, 'e': 0.7674129324324493}",20,0,-12.37543187941368,"{0: 15, 1: 3, 2: 2, 3: 0, 4: 0}",0
349,False,"{'a': 0.002, 'e': 0.7661290921161423}",20,15,3.332759334223155,"{0: 4, 1: 1, 2: 0, 3: 0, 4: 0}",1
350,False,"{'a': 0.002, 'e': 0.7648421872844884}",30,0,-106.94013185618701,"{0: 19, 1: 0, 2: 9, 3: 2, 4: 0}",0
351,False,"{'a': 0.002, 'e': 0.7635522230851051}",30,2,-141.79690976486177,"{0: 18, 1: 0, 2: 6, 3: 3, 4: 1}",1
352,False,"{'a': 0.002, 'e': 0.7622592046778476}",30,2,-101.7623181362301,"{0: 21, 1: 1, 2: 4, 3: 0, 4: 2}",1
353,False,"{'a': 0.002, 'e': 0.7609631372347876}",25,0,4.237427698576754,"{0: 20, 1: 4, 2: 1, 3: 0, 4: 0}",0
354,False,"{'a': 0.002, 'e': 0.7596640259401933}",20,1,-59.399222728425656,"{0: 13, 1: 2, 2: 3, 3: 0, 4: 1}",1
355,False,"{'a': 0.002, 'e': 0.7583618759905082}",20,0,-25.59198617306204,"{0: 18, 1: 0, 2: 1, 3: 0, 4: 1}",0
356,False,"{'a': 0.002, 'e': 0.7570566925943303}",30,0,-135.53162077125782,"{0: 18, 1: 3, 2: 6, 3: 2, 4: 1}",0
357,False,"{'a': 0.002, 'e': 0.7557484809723913}",25,14,1.0095248957151177,"{0: 9, 1: 1, 2: 1, 3: 0, 4: 0}",1
358,False,"{'a': 0.002, 'e': 0.7544372463575362}",20,0,-74.97684289770879,"{0: 14, 1: 0, 2: 3, 3: 3, 4: 0}",0
359,False,"{'a': 0.002, 'e': 0.7531229939947015}",20,0,-103.11747672819469,"{0: 14, 1: 0, 2: 4, 3: 0, 4: 2}",1
360,False,"{'a': 0.002, 'e': 0.751805729140895}",30,3,-115.30925957987907,"{0: 17, 1: 3, 2: 4, 3: 2, 4: 1}",1
361,False,"{'a': 0.002, 'e': 0.7504854570651743}",20,7,-2.2355738127506046,"{0: 11, 1: 0, 2: 2, 3: 0, 4: 0}",1
362,False,"{'a': 0.002, 'e': 0.7491621830486261}",20,3,-102.22040621679126,"{0: 11, 1: 0, 2: 4, 3: 0, 4: 2}",1
363,False,"{'a': 0.002, 'e': 0.7478359123843445}",20,0,-58.81889276975409,"{0: 14, 1: 1, 2: 3, 3: 2, 4: 0}",0
364,False,"{'a': 0.002, 'e': 0.7465066503774105}",20,0,-142.93717644020194,"{0: 10, 1: 1, 2: 7, 3: 0, 4: 2}",0
365,False,"{'a': 0.002, 'e': 0.7451744023448704}",25,0,-69.68246640971383,"{0: 18, 1: 3, 2: 2, 3: 1, 4: 1}",0
366,False,"{'a': 0.002, 'e': 0.7438391736157144}",20,10,-74.76620903627085,"{0: 5, 1: 2, 2: 1, 3: 1, 4: 1}",1
367,False,"{'a': 0.002, 'e': 0.7425009695308558}",20,0,-68.36132394932959,"{0: 12, 1: 5, 2: 2, 3: 0, 4: 1}",0
368,False,"{'a': 0.002, 'e': 0.7411597954431091}",25,0,-68.32148152523207,"{0: 17, 1: 3, 2: 4, 3: 0, 4: 1}",0
369,False,"{'a': 0.002, 'e': 0.7398156567171688}",20,13,10.807503115722238,"{0: 7, 1: 0, 2: 0, 3: 0, 4: 0}",1
370,False,"{'a': 0.002, 'e': 0.7384685587295879}",20,0,-175.47338276854063,"{0: 10, 1: 1, 2: 6, 3: 0, 4: 3}",0
371,False,"{'a': 0.002, 'e': 0.7371185068687569}",25,0,-161.84558740146818,"{0: 16, 1: 2, 2: 3, 3: 1, 4: 3}",0
372,False,"{'a': 0.002, 'e': 0.7357655065348812}",20,0,-115.52175777831816,"{0: 13, 1: 2, 2: 2, 3: 1, 4: 2}",0
373,False,"{'a': 0.002, 'e': 0.7344095631399603}",20,0,-87.32837386017495,"{0: 12, 1: 2, 2: 5, 3: 0, 4: 1}",0
374,False,"{'a': 0.002, 'e': 0.7330506821077661}",35,3,-122.54768862341258,"{0: 24, 1: 2, 2: 2, 3: 2, 4: 2}",1
375,False,"{'a': 0.002, 'e': 0.7316888688738209}",20,0,-156.9372531960842,"{0: 10, 1: 0, 2: 7, 3: 1, 4: 2}",0
376,False,"{'a': 0.002, 'e': 0.7303241288853757}",20,0,-3.289442200284674,"{0: 16, 1: 3, 2: 1, 3: 0, 4: 0}",0
377,False,"{'a': 0.002, 'e': 0.7289564676013889}",20,10,-14.810497787280077,"{0: 7, 1: 1, 2: 2, 3: 0, 4: 0}",1
378,False,"{'a': 0.002, 'e': 0.7275858904925034}",20,0,4.248429069601806,"{0: 17, 1: 3, 2: 0, 3: 0, 4: 0}",0
379,False,"{'a': 0.002, 'e': 0.7262124030410263}",25,17,-10.515182564639309,"{0: 6, 1: 0, 2: 2, 3: 0, 4: 0}",1
380,False,"{'a': 0.002, 'e': 0.7248360107409052}",20,1,-61.59255297784516,"{0: 12, 1: 3, 2: 2, 3: 2, 4: 0}",1
381,False,"{'a': 0.002, 'e': 0.7234567190977075}",30,0,-104.85669593709135,"{0: 22, 1: 1, 2: 5, 3: 0, 4: 2}",0
382,False,"{'a': 0.002, 'e': 0.7220745336285981}",25,0,-47.949154320656326,"{0: 20, 1: 1, 2: 3, 3: 0, 4: 1}",0
383,False,"{'a': 0.002, 'e': 0.720689459862317}",20,0,-72.22512897187383,"{0: 15, 1: 0, 2: 3, 3: 1, 4: 1}",0
384,False,"{'a': 0.002, 'e': 0.7193015033391573}",20,2,-112.66324075049118,"{0: 12, 1: 0, 2: 3, 3: 1, 4: 2}",1
385,False,"{'a': 0.002, 'e': 0.7179106696109434}",20,0,-36.96072136994979,"{0: 15, 1: 1, 2: 3, 3: 1, 4: 0}",0
386,False,"{'a': 0.002, 'e': 0.7165169642410081}",20,6,-21.58437538143846,"{0: 13, 1: 0, 2: 0, 3: 0, 4: 1}",1
387,False,"{'a': 0.002, 'e': 0.7151203928041714}",25,3,-129.4632556301159,"{0: 15, 1: 2, 2: 2, 3: 0, 4: 3}",1
388,False,"{'a': 0.002, 'e': 0.7137209608867168}",20,0,-58.57822206874966,"{0: 15, 1: 0, 2: 2, 3: 3, 4: 0}",0
389,False,"{'a': 0.002, 'e': 0.7123186740863704}",25,2,9.937660100953416,"{0: 21, 1: 0, 2: 2, 3: 0, 4: 0}",1
390,False,"{'a': 0.002, 'e': 0.7109135380122773}",20,0,-52.62367267133095,"{0: 18, 1: 0, 2: 0, 3: 0, 4: 2}",0
391,False,"{'a': 0.002, 'e': 0.7095055582849801}",20,9,-45.977105079279355,"{0: 8, 1: 0, 2: 2, 3: 0, 4: 1}",1
392,False,"{'a': 0.002, 'e': 0.7080947405363958}",20,5,-39.383218587673866,"{0: 11, 1: 2, 2: 1, 3: 0, 4: 1}",1
393,False,"{'a': 0.002, 'e': 0.7066810904097935}",20,0,-95.13053424253057,"{0: 11, 1: 1, 2: 7, 3: 0, 4: 1}",0
394,False,"{'a': 0.002, 'e': 0.7052646135597718}",25,0,-60.845106253401966,"{0: 18, 1: 3, 2: 3, 3: 0, 4: 1}",0
395,False,"{'a': 0.002, 'e': 0.7038453156522362}",20,2,-73.32935490273185,"{0: 12, 1: 2, 2: 2, 3: 1, 4: 1}",1
396,False,"{'a': 0.002, 'e': 0.7024232023643764}",20,6,-55.96077649867592,"{0: 9, 1: 1, 2: 3, 3: 0, 4: 1}",1
397,False,"{'a': 0.002, 'e': 0.7009982793846437}",20,0,-89.78620480087402,"{0: 12, 1: 3, 2: 3, 3: 1, 4: 1}",0
398,False,"{'a': 0.002, 'e': 0.699570552412728}",30,0,-109.01191812136715,"{0: 19, 1: 1, 2: 9, 3: 0, 4: 1}",1
399,False,"{'a': 0.002, 'e': 0.6981400271595357}",25,0,-42.94738637720517,"{0: 20, 1: 2, 2: 2, 3: 0, 4: 1}",0
400,False,"{'a': 0.002, 'e': 0.6967067093471655}",30,0,-120.97280441335715,"{0: 22, 1: 1, 2: 3, 3: 2, 4: 2}",0
401,False,"{'a': 0.002, 'e': 0.6952706047088868}",25,0,-220.71225654414908,"{0: 12, 1: 1, 2: 8, 3: 0, 4: 4}",0
402,False,"{'a': 0.002, 'e': 0.6938317189891162}",30,2,-208.94922785178784,"{0: 15, 1: 0, 2: 9, 3: 1, 4: 3}",1
403,False,"{'a': 0.002, 'e': 0.6923900579433949}",25,18,5.511061893362077,"{0: 6, 1: 1, 2: 0, 3: 0, 4: 0}",1
404,False,"{'a': 0.002, 'e': 0.6909456273383651}",20,0,-68.38347447071158,"{0: 15, 1: 0, 2: 3, 3: 1, 4: 1}",0
405,False,"{'a': 0.002, 'e': 0.6894984329517471}",20,0,-212.86607787476996,"{0: 9, 1: 1, 2: 6, 3: 0, 4: 4}",0
406,False,"{'a': 0.002, 'e': 0.6880484805723165}",20,8,-50.10232705954691,"{0: 8, 1: 1, 2: 2, 3: 0, 4: 1}",1
407,False,"{'a': 0.002, 'e': 0.6865957759998812}",30,0,-90.81497789632667,"{0: 21, 1: 3, 2: 4, 3: 1, 4: 1}",0
408,False,"{'a': 0.002, 'e': 0.6851403250452572}",20,9,-72.63294109720458,"{0: 8, 1: 1, 2: 0, 3: 0, 4: 2}",1
409,False,"{'a': 0.002, 'e': 0.6836821335302466}",20,2,-49.36125415754729,"{0: 14, 1: 2, 2: 0, 3: 1, 4: 1}",1
410,False,"{'a': 0.002, 'e': 0.6822212072876136}",25,0,-31.71320198666492,"{0: 19, 1: 1, 2: 4, 3: 1, 4: 0}",0
411,False,"{'a': 0.002, 'e': 0.6807575521610609}",25,0,-31.482204835717525,"{0: 17, 1: 5, 2: 3, 3: 0, 4: 0}",0
412,False,"{'a': 0.002, 'e': 0.6792911740052073}",20,0,-10.069748009401037,"{0: 16, 1: 1, 2: 3, 3: 0, 4: 0}",0
413,False,"{'a': 0.002, 'e': 0.6778220786855633}",20,3,-86.6680105612392,"{0: 9, 1: 2, 2: 5, 3: 0, 4: 1}",1
414,False,"{'a': 0.002, 'e': 0.6763502720785085}",20,1,-68.67279306261068,"{0: 16, 1: 0, 2: 1, 3: 0, 4: 2}",1
415,False,"{'a': 0.002, 'e': 0.6748757600712672}",20,1,-25.044264658066176,"{0: 15, 1: 1, 2: 2, 3: 1, 4: 0}",1
416,False,"{'a': 0.002, 'e': 0.6733985485618852}",20,9,-53.787327225627415,"{0: 8, 1: 0, 2: 1, 3: 1, 4: 1}",1
417,False,"{'a': 0.002, 'e': 0.671918643459207}",25,14,18.539448548614423,"{0: 11, 1: 0, 2: 0, 3: 0, 4: 0}",1
418,False,"{'a': 0.002, 'e': 0.6704360506828508}",25,0,-13.6889205705603,"{0: 21, 1: 1, 2: 2, 3: 1, 4: 0}",0
419,False,"{'a': 0.002, 'e': 0.6689507761631859}",30,8,-55.72814526319015,"{0: 18, 1: 0, 2: 2, 3: 1, 4: 1}",1
420,False,"{'a': 0.002, 'e': 0.6674628258413082}",20,10,-13.07894538684719,"{0: 7, 1: 1, 2: 2, 3: 0, 4: 0}",1
421,False,"{'a': 0.002, 'e': 0.665972205669017}",25,5,-74.75005115581935,"{0: 16, 1: 0, 2: 2, 3: 0, 4: 2}",1
422,False,"{'a': 0.002, 'e': 0.6644789216087912}",25,2,-91.28497806022055,"{0: 17, 1: 1, 2: 3, 3: 0, 4: 2}",1
423,False,"{'a': 0.002, 'e': 0.662982979633765}",20,0,-28.104558873400787,"{0: 16, 1: 1, 2: 1, 3: 2, 4: 0}",0
424,False,"{'a': 0.002, 'e': 0.6614843857277041}",20,0,-45.06504359076924,"{0: 14, 1: 2, 2: 3, 3: 1, 4: 0}",0
425,False,"{'a': 0.002, 'e': 0.6599831458849822}",20,11,0.5204851647418978,"{0: 7, 1: 2, 2: 0, 3: 0, 4: 0}",1
426,False,"{'a': 0.002, 'e': 0.6584792661105568}",20,6,-18.471199040967118,"{0: 11, 1: 1, 2: 1, 3: 1, 4: 0}",1
427,False,"{'a': 0.002, 'e': 0.656972752419945}",25,0,-150.3790321055602,"{0: 16, 1: 3, 2: 3, 3: 0, 4: 3}",0
428,False,"{'a': 0.002, 'e': 0.6554636108391995}",30,15,-40.580360220753306,"{0: 11, 1: 2, 2: 1, 3: 0, 4: 1}",1
429,False,"{'a': 0.002, 'e': 0.6539518474048845}",20,6,-21.185518205531835,"{0: 13, 1: 0, 2: 0, 3: 0, 4: 1}",1
430,False,"{'a': 0.002, 'e': 0.6524374681640519}",20,0,-95.43071316846651,"{0: 13, 1: 0, 2: 5, 3: 1, 4: 1}",0
431,False,"{'a': 0.002, 'e': 0.6509204791742165}",20,0,-20.10011415506268,"{0: 16, 1: 3, 2: 0, 3: 1, 4: 0}",0
432,False,"{'a': 0.002, 'e': 0.6494008865033324}",30,0,-49.70627695345572,"{0: 24, 1: 1, 2: 4, 3: 0, 4: 1}",0
433,False,"{'a': 0.002, 'e': 0.647878696229768}",25,1,-34.53424048813351,"{0: 20, 1: 1, 2: 2, 3: 0, 4: 1}",1
434,False,"{'a': 0.002, 'e': 0.6463539144422826}",20,3,3.491358547180111,"{0: 15, 1: 0, 2: 2, 3: 0, 4: 0}",1
435,False,"{'a': 0.002, 'e': 0.6448265472400012}",20,3,2.895838084533203,"{0: 15, 1: 0, 2: 2, 3: 0, 4: 0}",1
436,False,"{'a': 0.002, 'e': 0.6432966007323907}",20,12,-32.2800832012726,"{0: 5, 1: 0, 2: 2, 3: 1, 4: 0}",1
437,False,"{'a': 0.002, 'e': 0.6417640810392349}",35,0,-128.78353855496985,"{0: 24, 1: 1, 2: 7, 3: 2, 4: 1}",0
438,False,"{'a': 0.002, 'e': 0.6402289942906106}",25,4,-106.42529895797338,"{0: 14, 1: 1, 2: 4, 3: 0, 4: 2}",1
439,False,"{'a': 0.002, 'e': 0.6386913466268629}",20,11,1.1470893580506347,"{0: 7, 1: 2, 2: 0, 3: 0, 4: 0}",1
440,False,"{'a': 0.002, 'e': 0.6371511441985802}",25,17,-1.0601623864617766,"{0: 6, 1: 1, 2: 1, 3: 0, 4: 0}",1
441,False,"{'a': 0.002, 'e': 0.6356083931665704}",20,0,-64.63818148743148,"{0: 17, 1: 1, 2: 0, 3: 0, 4: 2}",0
442,False,"{'a': 0.002, 'e': 0.6340630997018352}",25,0,-44.08708078493377,"{0: 19, 1: 1, 2: 4, 3: 1, 4: 0}",0
443,False,"{'a': 0.002, 'e': 0.6325152699855466}",20,0,-77.11535700091262,"{0: 13, 1: 3, 2: 2, 3: 1, 4: 1}",0
444,False,"{'a': 0.002, 'e': 0.6309649102090216}",25,0,-99.24745194414051,"{0: 17, 1: 2, 2: 3, 3: 2, 4: 1}",0
445,False,"{'a': 0.002, 'e': 0.6294120265736969}",25,0,-43.25788187272891,"{0: 18, 1: 3, 2: 3, 3: 1, 4: 0}",0
446,False,"{'a': 0.002, 'e': 0.6278566252911052}",20,14,9.647438495395676,"{0: 6, 1: 0, 2: 0, 3: 0, 4: 0}",1
447,False,"{'a': 0.002, 'e': 0.6262987125828494}",20,0,-162.29208706892973,"{0: 9, 1: 0, 2: 9, 3: 0, 4: 2}",0
448,False,"{'a': 0.002, 'e': 0.6247382946805784}",25,15,-2.968718244095775,"{0: 8, 1: 1, 2: 1, 3: 0, 4: 0}",1
449,False,"{'a': 0.002, 'e': 0.6231753778259617}",20,5,-25.537488370761537,"{0: 13, 1: 1, 2: 0, 3: 0, 4: 1}",1
450,False,"{'a': 0.002, 'e': 0.6216099682706645}",30,18,-21.063499855080288,"{0: 11, 1: 0, 2: 0, 3: 0, 4: 1}",1
451,False,"{'a': 0.002, 'e': 0.620042072276323}",20,0,-38.75202490644292,"{0: 13, 1: 3, 2: 4, 3: 0, 4: 0}",0
452,False,"{'a': 0.002, 'e': 0.6184716961145192}",20,3,-20.971261778601928,"{0: 12, 1: 2, 2: 3, 3: 0, 4: 0}",1
453,False,"{'a': 0.002, 'e': 0.6168988460667556}",25,0,-63.29293225355397,"{0: 19, 1: 2, 2: 2, 3: 1, 4: 1}",0
454,False,"{'a': 0.002, 'e': 0.6153235284244302}",35,2,-3.2115445970341536,"{0: 28, 1: 1, 2: 4, 3: 0, 4: 0}",1
455,False,"{'a': 0.002, 'e': 0.6137457494888116}",20,9,-12.352350474399682,"{0: 8, 1: 1, 2: 2, 3: 0, 4: 0}",1
456,False,"{'a': 0.002, 'e': 0.6121655155710133}",20,11,-47.643594757339336,"{0: 7, 1: 0, 2: 0, 3: 1, 4: 1}",1
457,False,"{'a': 0.002, 'e': 0.6105828329919689}",25,0,-75.64459920400503,"{0: 17, 1: 3, 2: 4, 3: 0, 4: 1}",0
458,False,"{'a': 0.002, 'e': 0.6089977080824067}",20,9,-46.98188121758902,"{0: 6, 1: 0, 2: 4, 3: 1, 4: 0}",1
459,False,"{'a': 0.002, 'e': 0.6074101471828243}",25,0,-165.6329757373078,"{0: 14, 1: 2, 2: 5, 3: 2, 4: 2}",0
460,False,"{'a': 0.002, 'e': 0.6058201566434629}",20,11,16.348049371103436,"{0: 9, 1: 0, 2: 0, 3: 0, 4: 0}",1
461,False,"{'a': 0.002, 'e': 0.6042277428242827}",25,0,-111.33934327281435,"{0: 17, 1: 0, 2: 5, 3: 2, 4: 1}",0
462,False,"{'a': 0.002, 'e': 0.6026329120949369}",35,0,-134.6597840296429,"{0: 24, 1: 1, 2: 8, 3: 0, 4: 2}",0
463,False,"{'a': 0.002, 'e': 0.6010356708347461}",20,12,-15.163961856884844,"{0: 5, 1: 1, 2: 2, 3: 0, 4: 0}",1
464,False,"{'a': 0.002, 'e': 0.5994360254326734}",25,0,-98.22169975728437,"{0: 15, 1: 2, 2: 7, 3: 0, 4: 1}",0
465,False,"{'a': 0.002, 'e': 0.5978339822872982}",20,10,-43.10348457504442,"{0: 5, 1: 1, 2: 3, 3: 1, 4: 0}",1
466,False,"{'a': 0.002, 'e': 0.596229547806791}",25,0,-14.305411163153584,"{0: 22, 1: 0, 2: 2, 3: 1, 4: 0}",0
467,False,"{'a': 0.002, 'e': 0.5946227284088876}",20,6,-44.11555609542501,"{0: 11, 1: 0, 2: 2, 3: 0, 4: 1}",1
468,False,"{'a': 0.002, 'e': 0.5930135305208634}",20,14,-17.72965255120406,"{0: 4, 1: 1, 2: 0, 3: 1, 4: 0}",1
469,False,"{'a': 0.002, 'e': 0.5914019605795077}",25,0,-2.5164464107797544,"{0: 22, 1: 1, 2: 1, 3: 1, 4: 0}",0
470,False,"{'a': 0.002, 'e': 0.5897880250310983}",20,0,-32.61165073064967,"{0: 17, 1: 0, 2: 2, 3: 0, 4: 1}",0
471,False,"{'a': 0.002, 'e': 0.588171730331375}",20,0,-66.04281584490529,"{0: 15, 1: 0, 2: 3, 3: 1, 4: 1}",0
472,False,"{'a': 0.002, 'e': 0.5865530829455148}",20,6,-25.30314545321558,"{0: 10, 1: 1, 2: 2, 3: 1, 4: 0}",1
473,False,"{'a': 0.002, 'e': 0.5849320893481048}",30,7,2.3543593100092712,"{0: 19, 1: 1, 2: 3, 3: 0, 4: 0}",1
474,False,"{'a': 0.002, 'e': 0.5833087560231173}",20,0,-38.28822300147436,"{0: 14, 1: 0, 2: 6, 3: 0, 4: 0}",0
475,False,"{'a': 0.002, 'e': 0.5816830894638835}",20,8,-0.7048386936015936,"{0: 10, 1: 0, 2: 2, 3: 0, 4: 0}",1
476,False,"{'a': 0.002, 'e': 0.5800550961730674}",20,0,-14.21914148340499,"{0: 15, 1: 3, 2: 2, 3: 0, 4: 0}",0
477,False,"{'a': 0.002, 'e': 0.57842478266264}",25,0,-69.749128572859,"{0: 17, 1: 1, 2: 5, 3: 2, 4: 0}",0
478,False,"{'a': 0.002, 'e': 0.5767921554538532}",20,0,-30.1925309207431,"{0: 14, 1: 2, 2: 4, 3: 0, 4: 0}",0
479,False,"{'a': 0.002, 'e': 0.5751572210772137}",25,0,-77.3685235496256,"{0: 15, 1: 2, 2: 7, 3: 1, 4: 0}",0
480,False,"{'a': 0.002, 'e': 0.5735199860724567}",20,14,-2.1703118179730527,"{0: 5, 1: 0, 2: 1, 3: 0, 4: 0}",1
481,False,"{'a': 0.002, 'e': 0.5718804569885202}",25,0,-80.42277058958078,"{0: 20, 1: 1, 2: 2, 3: 0, 4: 2}",0
482,False,"{'a': 0.002, 'e': 0.5702386403835181}",25,5,-37.09309188938514,"{0: 15, 1: 1, 2: 3, 3: 1, 4: 0}",1
483,False,"{'a': 0.002, 'e': 0.5685945428247149}",20,8,-54.019467710294435,"{0: 9, 1: 0, 2: 1, 3: 1, 4: 1}",1
484,False,"{'a': 0.002, 'e': 0.5669481708884985}",20,0,-34.34323266198436,"{0: 15, 1: 0, 2: 5, 3: 0, 4: 0}",0
485,False,"{'a': 0.002, 'e': 0.5652995311603544}",20,6,11.610230636079276,"{0: 13, 1: 1, 2: 0, 3: 0, 4: 0}",1
486,False,"{'a': 0.002, 'e': 0.5636486302348395}",25,0,-116.36674230295509,"{0: 16, 1: 4, 2: 2, 3: 1, 4: 2}",0
487,False,"{'a': 0.002, 'e': 0.561995474715555}",20,7,-70.24659956141204,"{0: 8, 1: 2, 2: 1, 3: 1, 4: 1}",1
488,False,"{'a': 0.002, 'e': 0.5603400712151212}",20,0,-61.351680891682946,"{0: 12, 1: 3, 2: 4, 3: 1, 4: 0}",0
489,False,"{'a': 0.002, 'e': 0.5586824263551495}",25,13,-28.1285843164812,"{0: 8, 1: 2, 2: 1, 3: 1, 4: 0}",1
490,False,"{'a': 0.002, 'e': 0.5570225467662173}",30,11,-23.891481601356,"{0: 17, 1: 0, 2: 1, 3: 0, 4: 1}",1
491,False,"{'a': 0.002, 'e': 0.5553604390878408}",20,2,-26.883759623315974,"{0: 12, 1: 3, 2: 3, 3: 0, 4: 0}",1
492,False,"{'a': 0.002, 'e': 0.5536961099684484}",20,0,-26.579645497805,"{0: 15, 1: 0, 2: 5, 3: 0, 4: 0}",0
493,False,"{'a': 0.002, 'e': 0.5520295660653545}",25,13,-41.81039156208494,"{0: 9, 1: 1, 2: 1, 3: 0, 4: 1}",1
494,False,"{'a': 0.002, 'e': 0.5503608140447322}",20,0,-34.19218375063055,"{0: 18, 1: 0, 2: 0, 3: 1, 4: 1}",0
495,False,"{'a': 0.002, 'e': 0.5486898605815876}",20,0,-61.28431557172659,"{0: 15, 1: 1, 2: 2, 3: 1, 4: 1}",0
496,False,"{'a': 0.002, 'e': 0.5470167123597323}",25,0,-86.83789810582135,"{0: 17, 1: 0, 2: 5, 3: 3, 4: 0}",0
497,False,"{'a': 0.002, 'e': 0.5453413760717569}",25,15,-49.50153500849652,"{0: 7, 1: 0, 2: 2, 3: 0, 4: 1}",1
498,False,"{'a': 0.002, 'e': 0.5436638584190043}",20,9,12.337580888661499,"{0: 10, 1: 1, 2: 0, 3: 0, 4: 0}",1
499,False,"{'a': 0.002, 'e': 0.541984166111543}",20,10,1.8847992086393153,"{0: 8, 1: 1, 2: 1, 3: 0, 4: 0}",1
500,False,"{'a': 0.002, 'e': 0.5403023058681398}",20,0,-60.608698483986146,"{0: 17, 1: 1, 2: 0, 3: 0, 4: 2}",0
501,False,"{'a': 0.002, 'e': 0.5386182844162335}",20,0,8.418783241284123,"{0: 18, 1: 1, 2: 1, 3: 0, 4: 0}",0
502,False,"{'a': 0.002, 'e': 0.5369321084919078}",25,16,-9.188248122492077,"{0: 7, 1: 0, 2: 2, 3: 0, 4: 0}",1
503,False,"{'a': 0.002, 'e': 0.535243784839864}",30,7,-10.457226772615662,"{0: 21, 1: 1, 2: 0, 3: 0, 4: 1}",1
504,False,"{'a': 0.002, 'e': 0.5335533202133944}",25,0,-50.18874959574128,"{0: 17, 1: 3, 2: 4, 3: 1, 4: 0}",0
505,False,"{'a': 0.002, 'e': 0.5318607213743555}",30,20,-36.42558283325409,"{0: 8, 1: 0, 2: 1, 3: 0, 4: 1}",1
506,False,"{'a': 0.002, 'e': 0.5301659950931402}",20,10,-16.34206614351253,"{0: 7, 1: 0, 2: 3, 3: 0, 4: 0}",1
507,False,"{'a': 0.002, 'e': 0.5284691481486514}",30,0,-14.521838837547717,"{0: 27, 1: 2, 2: 0, 3: 0, 4: 1}",0
508,False,"{'a': 0.002, 'e': 0.5267701873282746}",35,21,16.084958538003114,"{0: 13, 1: 0, 2: 1, 3: 0, 4: 0}",1
509,False,"{'a': 0.002, 'e': 0.525069119427851}",20,0,-53.39795421928618,"{0: 14, 1: 2, 2: 3, 3: 0, 4: 1}",0
510,False,"{'a': 0.002, 'e': 0.5233659512516496}",30,5,-26.90559557929882,"{0: 19, 1: 2, 2: 3, 3: 1, 4: 0}",1
511,False,"{'a': 0.002, 'e': 0.5216606896123411}",35,2,-105.33919586461333,"{0: 24, 1: 2, 2: 5, 3: 0, 4: 2}",1
512,False,"{'a': 0.002, 'e': 0.5199533413309697}",30,12,30.038525670727925,"{0: 18, 1: 0, 2: 0, 3: 0, 4: 0}",1
513,False,"{'a': 0.002, 'e': 0.5182439132369262}",25,0,-110.61706194830738,"{0: 17, 1: 1, 2: 5, 3: 0, 4: 2}",0
514,False,"{'a': 0.002, 'e': 0.5165324121679208}",20,6,-56.989780883100494,"{0: 10, 1: 1, 2: 1, 3: 1, 4: 1}",1
515,False,"{'a': 0.002, 'e': 0.5148188449699553}",35,13,-50.636541582433914,"{0: 17, 1: 2, 2: 1, 3: 1, 4: 1}",1
516,False,"{'a': 0.002, 'e': 0.5131032184972966}",25,0,-9.483735380025688,"{0: 21, 1: 1, 2: 3, 3: 0, 4: 0}",0
517,False,"{'a': 0.002, 'e': 0.5113855396124478}",20,0,-5.846452366669704,"{0: 17, 1: 0, 2: 3, 3: 0, 4: 0}",0
518,False,"{'a': 0.002, 'e': 0.5096658151861225}",20,0,-140.38008150340892,"{0: 9, 1: 6, 2: 2, 3: 1, 4: 2}",0
519,False,"{'a': 0.002, 'e': 0.507944052097216}",20,10,-90.18756581726467,"{0: 6, 1: 0, 2: 2, 3: 0, 4: 2}",1
520,False,"{'a': 0.002, 'e': 0.5062202572327784}",35,0,-99.50851038200568,"{0: 27, 1: 1, 2: 5, 3: 0, 4: 2}",0
521,False,"{'a': 0.002, 'e': 0.5044944374879868}",20,0,6.44950037502913,"{0: 18, 1: 0, 2: 2, 3: 0, 4: 0}",1
522,False,"{'a': 0.002, 'e': 0.5027665997661179}",30,4,-13.934268598825984,"{0: 24, 1: 0, 2: 1, 3: 0, 4: 1}",1
523,False,"{'a': 0.002, 'e': 0.5010367509785203}",25,15,-4.063366437476255,"{0: 8, 1: 0, 2: 2, 3: 0, 4: 0}",1
524,False,"{'a': 0.002, 'e': 0.4993048980445869}",20,3,-44.69133837249934,"{0: 11, 1: 3, 2: 1, 3: 2, 4: 0}",1
525,False,"{'a': 0.002, 'e': 0.497571047891727}",20,5,-11.61969343050014,"{0: 11, 1: 1, 2: 3, 3: 0, 4: 0}",1
526,False,"{'a': 0.002, 'e': 0.495835207455339}",25,18,11.285778677017017,"{0: 7, 1: 0, 2: 0, 3: 0, 4: 0}",1
527,False,"{'a': 0.002, 'e': 0.4940973836787822}",20,0,5.859767863550198,"{0: 18, 1: 0, 2: 2, 3: 0, 4: 0}",0
528,False,"{'a': 0.002, 'e': 0.4923575835133496}",20,11,5.5828620607746,"{0: 8, 1: 0, 2: 1, 3: 0, 4: 0}",1
529,False,"{'a': 0.002, 'e': 0.49061581391823933}",20,6,-15.16718209542653,"{0: 9, 1: 3, 2: 2, 3: 0, 4: 0}",1
530,False,"{'a': 0.002, 'e': 0.48887208186052755}",20,5,-24.28252863675888,"{0: 11, 1: 1, 2: 2, 3: 1, 4: 0}",1
531,False,"{'a': 0.002, 'e': 0.4871263943151402}",30,0,-85.40631702906452,"{0: 24, 1: 0, 2: 4, 3: 0, 4: 2}",0
532,False,"{'a': 0.002, 'e': 0.48537875826482507}",20,15,1.8603905782764198,"{0: 4, 1: 1, 2: 0, 3: 0, 4: 0}",1
533,False,"{'a': 0.002, 'e': 0.48362918070012406}",25,11,-32.2580309625215,"{0: 12, 1: 0, 2: 1, 3: 0, 4: 1}",1
534,False,"{'a': 0.002, 'e': 0.48187766861934506}",25,0,11.009171162952718,"{0: 22, 1: 2, 2: 1, 3: 0, 4: 0}",0
535,False,"{'a': 0.002, 'e': 0.48012422902853413}",20,0,-49.718736569795205,"{0: 15, 1: 2, 2: 2, 3: 0, 4: 1}",0
536,False,"{'a': 0.002, 'e': 0.47836886894144715}",20,0,-84.857073006084,"{0: 15, 1: 2, 2: 0, 3: 1, 4: 2}",0
537,False,"{'a': 0.002, 'e': 0.47661159537952236}",30,13,-9.558753822096154,"{0: 13, 1: 1, 2: 3, 3: 0, 4: 0}",1
538,False,"{'a': 0.002, 'e': 0.47485241537185147}",20,6,12.018287459357843,"{0: 13, 1: 0, 2: 1, 3: 0, 4: 0}",1
539,False,"{'a': 0.002, 'e': 0.47309133595515224}",20,12,0.7828750417499422,"{0: 7, 1: 0, 2: 1, 3: 0, 4: 0}",1
540,False,"{'a': 0.002, 'e': 0.47132836417373997}",30,0,-27.720655538089915,"{0: 26, 1: 1, 2: 2, 3: 0, 4: 1}",0
541,False,"{'a': 0.002, 'e': 0.46956350707949945}",35,7,-62.10465665410074,"{0: 24, 1: 0, 2: 2, 3: 0, 4: 2}",1
542,False,"{'a': 0.002, 'e': 0.4677967717318567}",20,16,7.109992347115426,"{0: 4, 1: 0, 2: 0, 3: 0, 4: 0}",1
543,False,"{'a': 0.002, 'e': 0.46602816519775075}",20,0,-13.296179288105245,"{0: 17, 1: 1, 2: 1, 3: 1, 4: 0}",0
544,False,"{'a': 0.002, 'e': 0.46425769455160537}",25,11,-18.620117574941336,"{0: 11, 1: 0, 2: 2, 3: 1, 4: 0}",1
545,False,"{'a': 0.002, 'e': 0.4624853668753008}",25,0,-40.500280914025915,"{0: 21, 1: 0, 2: 3, 3: 0, 4: 1}",0
546,False,"{'a': 0.002, 'e': 0.46071118925814536}",20,0,-113.31173324808893,"{0: 15, 1: 1, 2: 1, 3: 0, 4: 3}",1
547,False,"{'a': 0.002, 'e': 0.4589351687968472}",25,0,-4.8898492412298316,"{0: 22, 1: 0, 2: 2, 3: 1, 4: 0}",0
548,False,"{'a': 0.002, 'e': 0.45715731259548575}",20,0,-49.2319456245075,"{0: 16, 1: 0, 2: 3, 3: 0, 4: 1}",0
549,False,"{'a': 0.002, 'e': 0.45537762776548346}",20,14,10.55984480081253,"{0: 6, 1: 0, 2: 0, 3: 0, 4: 0}",1
550,False,"{'a': 0.002, 'e': 0.4535961214255773}",25,12,-27.175979228938857,"{0: 11, 1: 1, 2: 0, 3: 0, 4: 1}",1
551,False,"{'a': 0.002, 'e': 0.4518128007017902}",25,13,1.882305139924618,"{0: 10, 1: 1, 2: 1, 3: 0, 4: 0}",1
552,False,"{'a': 0.002, 'e': 0.45002767272740274}",30,20,6.507959410399647,"{0: 9, 1: 0, 2: 1, 3: 0, 4: 0}",1
553,False,"{'a': 0.002, 'e': 0.4482407446429244}",25,0,-65.48689549177368,"{0: 19, 1: 1, 2: 3, 3: 1, 4: 1}",0
554,False,"{'a': 0.002, 'e': 0.4464520235960651}",35,23,-20.065618927835473,"{0: 11, 1: 0, 2: 0, 3: 0, 4: 1}",1
555,False,"{'a': 0.002, 'e': 0.44466151674170673}",30,23,10.285072616279987,"{0: 7, 1: 0, 2: 0, 3: 0, 4: 0}",1
556,False,"{'a': 0.002, 'e': 0.4428692312418743}",25,0,-18.515769827260957,"{0: 22, 1: 1, 2: 1, 3: 0, 4: 1}",0
557,False,"{'a': 0.002, 'e': 0.44107517426570736}",25,2,-53.52439756515297,"{0: 18, 1: 0, 2: 4, 3: 0, 4: 1}",1
558,False,"{'a': 0.002, 'e': 0.43927935298943144}",20,2,-24.889690569595523,"{0: 15, 1: 0, 2: 1, 3: 2, 4: 0}",1
559,False,"{'a': 0.002, 'e': 0.4374817745963293}",20,3,18.16737403702225,"{0: 16, 1: 1, 2: 0, 3: 0, 4: 0}",1
560,False,"{'a': 0.002, 'e': 0.43568244627671204}",20,0,-26.02466361931913,"{0: 17, 1: 2, 2: 0, 3: 0, 4: 1}",0
561,False,"{'a': 0.002, 'e': 0.43388137522789066}",25,0,-50.398372046352875,"{0: 20, 1: 1, 2: 3, 3: 0, 4: 1}",0
562,False,"{'a': 0.002, 'e': 0.4320785686541468}",25,0,8.42778185118203,"{0: 23, 1: 0, 2: 2, 3: 0, 4: 0}",1
563,False,"{'a': 0.002, 'e': 0.4302740337667045}",20,15,-1.8779832338249467,"{0: 4, 1: 0, 2: 1, 3: 0, 4: 0}",1
564,False,"{'a': 0.002, 'e': 0.42846777778370077}",25,17,15.231087586819832,"{0: 8, 1: 0, 2: 0, 3: 0, 4: 0}",1
565,False,"{'a': 0.002, 'e': 0.42665980793015723}",20,0,-5.920490924920744,"{0: 18, 1: 1, 2: 0, 3: 1, 4: 0}",0
566,False,"{'a': 0.002, 'e': 0.4248501314379508}",20,0,16.61104711536848,"{0: 18, 1: 2, 2: 0, 3: 0, 4: 0}",0
567,False,"{'a': 0.002, 'e': 0.42303875554578513}",25,0,-45.67405511544695,"{0: 21, 1: 0, 2: 2, 3: 1, 4: 1}",0
568,False,"{'a': 0.002, 'e': 0.42122568749916134}",25,0,-57.775187171384395,"{0: 19, 1: 1, 2: 4, 3: 0, 4: 1}",0
569,False,"{'a': 0.002, 'e': 0.4194109345503491}",25,0,-51.50287967360094,"{0: 20, 1: 0, 2: 4, 3: 0, 4: 1}",0
570,False,"{'a': 0.002, 'e': 0.41759450395835795}",20,5,-55.84112031210681,"{0: 11, 1: 1, 2: 1, 3: 1, 4: 1}",1
571,False,"{'a': 0.002, 'e': 0.4157764029889078}",30,0,7.744312707988152,"{0: 27, 1: 1, 2: 2, 3: 0, 4: 0}",0
572,False,"{'a': 0.002, 'e': 0.4139566389144}",20,0,-59.91870190097693,"{0: 15, 1: 0, 2: 4, 3: 0, 4: 1}",0
573,False,"{'a': 0.002, 'e': 0.4121352190138885}",20,8,6.307644331531957,"{0: 11, 1: 0, 2: 1, 3: 0, 4: 0}",1
574,False,"{'a': 0.002, 'e': 0.4103121505730504}",20,0,17.640133861976214,"{0: 19, 1: 0, 2: 1, 3: 0, 4: 0}",0
575,False,"{'a': 0.002, 'e': 0.40848744088415717}",20,3,8.925166202610036,"{0: 16, 1: 0, 2: 0, 3: 1, 4: 0}",1
576,False,"{'a': 0.002, 'e': 0.40666109724604504}",25,0,-28.2971696004068,"{0: 18, 1: 4, 2: 3, 3: 0, 4: 0}",0
577,False,"{'a': 0.002, 'e': 0.4048331269640863}",20,0,12.979253367383226,"{0: 18, 1: 1, 2: 1, 3: 0, 4: 0}",0
578,False,"{'a': 0.002, 'e': 0.4030035373501593}",25,1,-15.506073728416471,"{0: 19, 1: 2, 2: 3, 3: 0, 4: 0}",1
579,False,"{'a': 0.002, 'e': 0.4011723357226203}",25,11,-18.46238170215584,"{0: 11, 1: 0, 2: 2, 3: 1, 4: 0}",1
580,False,"{'a': 0.002, 'e': 0.3993395294062732}",20,0,-16.07861716702423,"{0: 17, 1: 0, 2: 2, 3: 1, 4: 0}",0
581,False,"{'a': 0.002, 'e': 0.397505125732341}",30,18,16.3486933705749,"{0: 11, 1: 1, 2: 0, 3: 0, 4: 0}",1
582,False,"{'a': 0.002, 'e': 0.39566913203843584}",25,1,-34.94711108647798,"{0: 21, 1: 0, 2: 2, 3: 0, 4: 1}",1
583,False,"{'a': 0.002, 'e': 0.3938315556685301}",20,10,10.861316283586554,"{0: 9, 1: 1, 2: 0, 3: 0, 4: 0}",1
584,False,"{'a': 0.002, 'e': 0.39199240397292684}",25,14,-45.65734462136563,"{0: 7, 1: 2, 2: 1, 3: 0, 4: 1}",1
585,False,"{'a': 0.002, 'e': 0.3901516843082303}",20,0,7.45471250971831,"{0: 17, 1: 3, 2: 0, 3: 0, 4: 0}",0
586,False,"{'a': 0.002, 'e': 0.38830940403731673}",20,8,-2.9144465896436755,"{0: 10, 1: 0, 2: 2, 3: 0, 4: 0}",1
587,False,"{'a': 0.002, 'e': 0.38646557052930475}",20,9,-3.2445164550589762,"{0: 9, 1: 0, 2: 2, 3: 0, 4: 0}",1
588,False,"{'a': 0.002, 'e': 0.38462019115952595}",20,0,14.702711266228956,"{0: 19, 1: 0, 2: 1, 3: 0, 4: 0}",0
589,False,"{'a': 0.002, 'e': 0.3827732733094953}",20,0,13.287411388221415,"{0: 19, 1: 0, 2: 1, 3: 0, 4: 0}",0
590,False,"{'a': 0.002, 'e': 0.3809248243668818}",20,8,14.184415521832513,"{0: 11, 1: 1, 2: 0, 3: 0, 4: 0}",1
591,False,"{'a': 0.002, 'e': 0.3790748517254788}",25,5,18.58859006217063,"{0: 18, 1: 1, 2: 1, 3: 0, 4: 0}",1
592,False,"{'a': 0.002, 'e': 0.37722336278517427}",25,12,-32.57192441945207,"{0: 11, 1: 0, 2: 1, 3: 0, 4: 1}",1
593,False,"{'a': 0.002, 'e': 0.37537036495192155}",25,0,4.975175598290271,"{0: 22, 1: 1, 2: 2, 3: 0, 4: 0}",1
594,False,"{'a': 0.002, 'e': 0.37351586563770955}",20,13,12.410202133865383,"{0: 7, 1: 0, 2: 0, 3: 0, 4: 0}",1
595,False,"{'a': 0.002, 'e': 0.371659872260533}",20,6,-11.176278483965191,"{0: 11, 1: 0, 2: 3, 3: 0, 4: 0}",1
596,False,"{'a': 0.002, 'e': 0.36980239224436295}",20,0,10.88125686120042,"{0: 19, 1: 0, 2: 0, 3: 1, 4: 0}",0
597,False,"{'a': 0.002, 'e': 0.36794343301911697}",25,18,4.128754231881901,"{0: 6, 1: 1, 2: 0, 3: 0, 4: 0}",1
598,False,"{'a': 0.002, 'e': 0.36608300202062954}",25,0,5.28571981746685,"{0: 22, 1: 0, 2: 3, 3: 0, 4: 0}",0
599,False,"{'a': 0.002, 'e': 0.36422110669062213}",30,19,15.101314514173339,"{0: 11, 1: 0, 2: 0, 3: 0, 4: 0}",1
600,False,"{'a': 0.002, 'e': 0.3623577544766736}",20,0,11.429737145699656,"{0: 18, 1: 1, 2: 1, 3: 0, 4: 0}",0
601,False,"{'a': 0.002, 'e': 0.3604929528321903}",25,0,-105.32480223600676,"{0: 17, 1: 1, 2: 5, 3: 0, 4: 2}",0
602,False,"{'a': 0.002, 'e': 0.35862670921637635}",35,13,-23.44974962789114,"{0: 16, 1: 2, 2: 4, 3: 0, 4: 0}",1
603,False,"{'a': 0.002, 'e': 0.35675903109420365}",25,13,-2.3221954206343502,"{0: 10, 1: 0, 2: 2, 3: 0, 4: 0}",1
604,False,"{'a': 0.002, 'e': 0.3548899259363823}",20,4,-132.84689849773295,"{0: 10, 1: 2, 2: 0, 3: 1, 4: 3}",1
605,False,"{'a': 0.002, 'e': 0.35301940121933034}",20,0,-0.4212852413099579,"{0: 17, 1: 2, 2: 1, 3: 0, 4: 0}",0
606,False,"{'a': 0.002, 'e': 0.3511474644251443}",20,8,-14.106803152355837,"{0: 9, 1: 0, 2: 3, 3: 0, 4: 0}",1
607,False,"{'a': 0.002, 'e': 0.34927412304156863}",25,0,2.440860289221054,"{0: 21, 1: 1, 2: 3, 3: 0, 4: 0}",0
608,False,"{'a': 0.002, 'e': 0.34739938456196656}",25,17,13.362772790302621,"{0: 8, 1: 0, 2: 0, 3: 0, 4: 0}",1
609,False,"{'a': 0.002, 'e': 0.3455232564852894}",30,8,-66.51391021564349,"{0: 19, 1: 0, 2: 0, 3: 1, 4: 2}",1
610,False,"{'a': 0.002, 'e': 0.34364574631604705}",30,13,32.97471978168115,"{0: 17, 1: 0, 2: 0, 3: 0, 4: 0}",1
611,False,"{'a': 0.002, 'e': 0.3417668615642776}",20,0,-24.992212787543874,"{0: 18, 1: 0, 2: 1, 3: 0, 4: 1}",0
612,False,"{'a': 0.002, 'e': 0.3398866097455176}",35,23,9.05867926518762,"{0: 10, 1: 2, 2: 0, 3: 0, 4: 0}",1
613,False,"{'a': 0.002, 'e': 0.33800499838077175}",20,0,11.162768865941473,"{0: 18, 1: 0, 2: 2, 3: 0, 4: 0}",1
614,False,"{'a': 0.002, 'e': 0.3361220349964831}",30,19,-7.481286871025219,"{0: 10, 1: 0, 2: 0, 3: 1, 4: 0}",1
615,False,"{'a': 0.002, 'e': 0.3342377271245026}",25,18,13.21891403743655,"{0: 7, 1: 0, 2: 0, 3: 0, 4: 0}",1
616,False,"{'a': 0.002, 'e': 0.33235208230205926}",20,3,29.807605275239588,"{0: 17, 1: 0, 2: 0, 3: 0, 4: 0}",1
617,False,"{'a': 0.002, 'e': 0.33046510807172985}",30,18,9.276963534971927,"{0: 11, 1: 0, 2: 1, 3: 0, 4: 0}",1
618,False,"{'a': 0.002, 'e': 0.3285768119814088}",20,14,11.488322343108871,"{0: 6, 1: 0, 2: 0, 3: 0, 4: 0}",1
619,False,"{'a': 0.002, 'e': 0.3266872015842779}",25,9,8.69793770828166,"{0: 14, 1: 1, 2: 1, 3: 0, 4: 0}",1
620,False,"{'a': 0.002, 'e': 0.32479628443877623}",20,12,7.99377100700427,"{0: 7, 1: 1, 2: 0, 3: 0, 4: 0}",1
621,False,"{'a': 0.002, 'e': 0.3229040681085699}",20,3,-25.336240972052924,"{0: 15, 1: 0, 2: 1, 3: 0, 4: 1}",1
622,False,"{'a': 0.002, 'e': 0.32101056016252166}",20,0,29.93136521564653,"{0: 20, 1: 0, 2: 0, 3: 0, 4: 0}",0
623,False,"{'a': 0.002, 'e': 0.31911576817466075}",25,11,23.602029819782395,"{0: 14, 1: 0, 2: 0, 3: 0, 4: 0}",1
624,False,"{'a': 0.002, 'e': 0.3172196997241527}",30,15,-19.2218513388594,"{0: 13, 1: 1, 2: 0, 3: 0, 4: 1}",1
625,False,"{'a': 0.002, 'e': 0.3153223623952687}",25,19,13.995991025128667,"{0: 6, 1: 0, 2: 0, 3: 0, 4: 0}",1
626,False,"{'a': 0.002, 'e': 0.3134237637773555}",25,0,-95.89661880863144,"{0: 21, 1: 1, 2: 0, 3: 0, 4: 3}",0
627,False,"{'a': 0.002, 'e': 0.31152391146480507}",20,9,16.69580365585814,"{0: 11, 1: 0, 2: 0, 3: 0, 4: 0}",1
628,False,"{'a': 0.002, 'e': 0.3096228130570242}",20,12,17.500544582473246,"{0: 8, 1: 0, 2: 0, 3: 0, 4: 0}",1
629,False,"{'a': 0.002, 'e': 0.3077204761584039}",30,4,34.33784704810514,"{0: 25, 1: 0, 2: 1, 3: 0, 4: 0}",1
630,False,"{'a': 0.002, 'e': 0.3058169083782893}",25,8,-32.157945782331915,"{0: 12, 1: 1, 2: 3, 3: 1, 4: 0}",1
631,False,"{'a': 0.002, 'e': 0.3039121173309489}",20,2,-5.928545076691957,"{0: 16, 1: 0, 2: 1, 3: 1, 4: 0}",1
632,False,"{'a': 0.002, 'e': 0.30200611063554444}",25,0,3.437830219472171,"{0: 22, 1: 1, 2: 2, 3: 0, 4: 0}",0
633,False,"{'a': 0.002, 'e': 0.3000988959161001}",20,6,-63.446805342597145,"{0: 12, 1: 0, 2: 0, 3: 0, 4: 2}",1
634,False,"{'a': 0.002, 'e': 0.2981904808014722}",20,11,-4.169396424387917,"{0: 8, 1: 0, 2: 0, 3: 1, 4: 0}",1
635,False,"{'a': 0.002, 'e': 0.2962808729253187}",20,0,-26.19108104548561,"{0: 16, 1: 1, 2: 2, 3: 1, 4: 0}",0
636,False,"{'a': 0.002, 'e': 0.29437007992606856}",25,11,-32.27071396814644,"{0: 12, 1: 0, 2: 1, 3: 0, 4: 1}",1
637,False,"{'a': 0.002, 'e': 0.29245810944689116}",20,0,4.959395735343133,"{0: 18, 1: 1, 2: 1, 3: 0, 4: 0}",0
638,False,"{'a': 0.002, 'e': 0.29054496913566596}",20,1,-0.75967517489235,"{0: 16, 1: 1, 2: 2, 3: 0, 4: 0}",1
639,False,"{'a': 0.002, 'e': 0.2886306666449516}",35,21,-4.581123879606801,"{0: 12, 1: 0, 2: 2, 3: 0, 4: 0}",1
640,False,"{'a': 0.002, 'e': 0.28671520963195546}",20,9,22.557911099644702,"{0: 11, 1: 0, 2: 0, 3: 0, 4: 0}",1
641,False,"{'a': 0.002, 'e': 0.28479860575850313}",20,0,28.37512955698026,"{0: 20, 1: 0, 2: 0, 3: 0, 4: 0}",0
642,False,"{'a': 0.002, 'e': 0.2828808626910075}",25,0,-60.591643239606206,"{0: 20, 1: 0, 2: 3, 3: 1, 4: 1}",0
643,False,"{'a': 0.002, 'e': 0.28096198810043826}",25,10,23.24173166165012,"{0: 15, 1: 0, 2: 0, 3: 0, 4: 0}",1
644,False,"{'a': 0.002, 'e': 0.2790419896622912}",25,6,29.52467602546869,"{0: 19, 1: 0, 2: 0, 3: 0, 4: 0}",1
645,False,"{'a': 0.002, 'e': 0.2771208750565576}",25,14,-1.1558432189959815,"{0: 9, 1: 0, 2: 2, 3: 0, 4: 0}",1
646,False,"{'a': 0.002, 'e': 0.2751986519676933}",20,2,-26.632590555567457,"{0: 16, 1: 0, 2: 1, 3: 0, 4: 1}",1
647,False,"{'a': 0.002, 'e': 0.273275328084588}",20,6,-4.302770729163127,"{0: 11, 1: 1, 2: 2, 3: 0, 4: 0}",1
648,False,"{'a': 0.002, 'e': 0.2713509111005347}",25,16,7.7541397975618125,"{0: 8, 1: 0, 2: 1, 3: 0, 4: 0}",1
649,False,"{'a': 0.002, 'e': 0.26942540871319887}",30,16,13.096015056363505,"{0: 13, 1: 0, 2: 1, 3: 0, 4: 0}",1
650,False,"{'a': 0.002, 'e': 0.26749882862458735}",30,4,-89.93212721434448,"{0: 17, 1: 3, 2: 4, 3: 1, 4: 1}",1
651,False,"{'a': 0.002, 'e': 0.265571178541018}",25,15,-7.695921393578081,"{0: 8, 1: 0, 2: 2, 3: 0, 4: 0}",1
652,False,"{'a': 0.002, 'e': 0.2636424661730887}",30,6,-92.16690956629415,"{0: 17, 1: 2, 2: 3, 3: 0, 4: 2}",1
653,False,"{'a': 0.002, 'e': 0.2617126992356461}",25,14,-12.600576437650563,"{0: 9, 1: 0, 2: 1, 3: 1, 4: 0}",1
654,False,"{'a': 0.002, 'e': 0.25978188544775555}",25,10,14.634467369191295,"{0: 14, 1: 0, 2: 1, 3: 0, 4: 0}",1
655,False,"{'a': 0.002, 'e': 0.2578500325326696}",20,14,10.304083434591295,"{0: 6, 1: 0, 2: 0, 3: 0, 4: 0}",1
656,False,"{'a': 0.002, 'e': 0.2559171482177973}",20,3,2.001870490650707,"{0: 15, 1: 0, 2: 2, 3: 0, 4: 0}",1
657,False,"{'a': 0.002, 'e': 0.2539832402346734}",20,7,0.2626140434578943,"{0: 11, 1: 0, 2: 2, 3: 0, 4: 0}",1
658,False,"{'a': 0.002, 'e': 0.25204831631892716}",30,11,23.46449212921323,"{0: 18, 1: 0, 2: 1, 3: 0, 4: 0}",1
659,False,"{'a': 0.002, 'e': 0.25011238421025167}",25,12,-1.45060595278655,"{0: 12, 1: 0, 2: 0, 3: 1, 4: 0}",1
660,False,"{'a': 0.002, 'e': 0.2481754516523729}",30,7,13.361669336750335,"{0: 21, 1: 0, 2: 2, 3: 0, 4: 0}",1
661,False,"{'a': 0.002, 'e': 0.24623752639301838}",20,1,20.612628798418903,"{0: 18, 1: 0, 2: 1, 3: 0, 4: 0}",1
662,False,"{'a': 0.002, 'e': 0.24429861618388662}",25,11,8.889338142320806,"{0: 13, 1: 0, 2: 1, 3: 0, 4: 0}",1
663,False,"{'a': 0.002, 'e': 0.24235872878061585}",25,7,29.795726864131172,"{0: 18, 1: 0, 2: 0, 3: 0, 4: 0}",1
664,False,"{'a': 0.002, 'e': 0.2404178719427531}",20,9,-7.447496972898344,"{0: 8, 1: 2, 2: 1, 3: 0, 4: 0}",1
665,False,"{'a': 0.002, 'e': 0.23847605343372313}",20,0,23.66387441215913,"{0: 19, 1: 0, 2: 1, 3: 0, 4: 0}",0
666,False,"{'a': 0.002, 'e': 0.2365332810207974}",30,8,18.20289706097326,"{0: 20, 1: 1, 2: 1, 3: 0, 4: 0}",1
667,False,"{'a': 0.002, 'e': 0.23458956247506296}",25,14,7.721022225609483,"{0: 10, 1: 0, 2: 1, 3: 0, 4: 0}",1
668,False,"{'a': 0.002, 'e': 0.23264490557139142}",25,10,24.357081373738986,"{0: 15, 1: 0, 2: 0, 3: 0, 4: 0}",1
669,False,"{'a': 0.002, 'e': 0.23069931808840777}",25,2,30.89150046691364,"{0: 22, 1: 1, 2: 0, 3: 0, 4: 0}",1
670,False,"{'a': 0.002, 'e': 0.22875280780845939}",30,13,29.86013486215739,"{0: 17, 1: 0, 2: 0, 3: 0, 4: 0}",1
671,False,"{'a': 0.002, 'e': 0.22680538251758475}",20,4,21.85204402797607,"{0: 15, 1: 0, 2: 1, 3: 0, 4: 0}",1
672,False,"{'a': 0.002, 'e': 0.22485705000548248}",25,12,13.228266309199151,"{0: 12, 1: 0, 2: 1, 3: 0, 4: 0}",1
673,False,"{'a': 0.002, 'e': 0.22290781806547996}",30,8,-27.80877787137348,"{0: 18, 1: 2, 2: 1, 3: 0, 4: 1}",1
674,False,"{'a': 0.002, 'e': 0.22095769449450242}",20,0,-4.052286758102211,"{0: 18, 1: 0, 2: 1, 3: 1, 4: 0}",0
675,False,"{'a': 0.002, 'e': 0.2190066870930415}",25,0,-94.94411426175806,"{0: 21, 1: 0, 2: 0, 3: 2, 4: 2}",0
676,False,"{'a': 0.002, 'e': 0.2170548036651242}",25,7,28.41791776258444,"{0: 18, 1: 0, 2: 0, 3: 0, 4: 0}",1
677,False,"{'a': 0.002, 'e': 0.21510205201828167}",20,7,-42.164812013254945,"{0: 10, 1: 1, 2: 1, 3: 0, 4: 1}",1
678,False,"{'a': 0.002, 'e': 0.21314843996351784}",25,9,8.870519123803902,"{0: 14, 1: 1, 2: 1, 3: 0, 4: 0}",1
679,False,"{'a': 0.002, 'e': 0.2111939753152784}",20,4,16.12155441457615,"{0: 15, 1: 0, 2: 1, 3: 0, 4: 0}",1
680,False,"{'a': 0.002, 'e': 0.20923866589141926}",30,10,-45.77933806615759,"{0: 14, 1: 1, 2: 3, 3: 2, 4: 0}",1
681,False,"{'a': 0.002, 'e': 0.20728251951317553}",20,0,8.393739406633332,"{0: 18, 1: 0, 2: 2, 3: 0, 4: 0}",0
682,False,"{'a': 0.002, 'e': 0.20532554400513015}",20,6,25.199069877870034,"{0: 14, 1: 0, 2: 0, 3: 0, 4: 0}",1
683,False,"{'a': 0.002, 'e': 0.2033677471951825}",20,10,19.38767725622091,"{0: 10, 1: 0, 2: 0, 3: 0, 4: 0}",1
684,False,"{'a': 0.002, 'e': 0.20140913691451723}",20,9,17.014880027230017,"{0: 10, 1: 1, 2: 0, 3: 0, 4: 0}",1
685,False,"{'a': 0.002, 'e': 0.19944972099757285}",25,1,29.71289147681408,"{0: 23, 1: 0, 2: 1, 3: 0, 4: 0}",1
686,False,"{'a': 0.002, 'e': 0.19748950728201042}",30,0,-11.200152783871253,"{0: 28, 1: 0, 2: 1, 3: 0, 4: 1}",0
687,False,"{'a': 0.002, 'e': 0.19552850360868218}",20,13,15.374520385935323,"{0: 7, 1: 0, 2: 0, 3: 0, 4: 0}",1
688,False,"{'a': 0.002, 'e': 0.1935667178216002}",20,8,-0.19262030527157714,"{0: 10, 1: 0, 2: 2, 3: 0, 4: 0}",1
689,False,"{'a': 0.002, 'e': 0.19160415776790501}",25,10,2.0375743247109837,"{0: 13, 1: 0, 2: 2, 3: 0, 4: 0}",1
690,False,"{'a': 0.002, 'e': 0.18964083129783424}",35,25,6.283759217874424,"{0: 9, 1: 0, 2: 1, 3: 0, 4: 0}",1
691,False,"{'a': 0.002, 'e': 0.18767674626469114}",20,0,20.194184264125084,"{0: 19, 1: 0, 2: 1, 3: 0, 4: 0}",1
692,False,"{'a': 0.002, 'e': 0.1857119105248132}",20,5,3.3315959815100307,"{0: 13, 1: 0, 2: 2, 3: 0, 4: 0}",1
693,False,"{'a': 0.002, 'e': 0.18374633193754078}",20,0,-10.40686346428345,"{0: 19, 1: 0, 2: 0, 3: 0, 4: 1}",0
694,False,"{'a': 0.002, 'e': 0.18178001836518562}",25,14,-19.64772178295132,"{0: 10, 1: 0, 2: 0, 3: 0, 4: 1}",1
695,False,"{'a': 0.002, 'e': 0.17981297767299934}",25,7,32.1825026799268,"{0: 18, 1: 0, 2: 0, 3: 0, 4: 0}",1
696,False,"{'a': 0.002, 'e': 0.17784521772914214}",25,7,17.07565332631692,"{0: 17, 1: 0, 2: 1, 3: 0, 4: 0}",1
697,False,"{'a': 0.002, 'e': 0.17587674640465115}",20,0,-6.604157611196296,"{0: 17, 1: 0, 2: 3, 3: 0, 4: 0}",0
698,False,"{'a': 0.002, 'e': 0.17390757157340905}",30,6,-5.73355344643384,"{0: 23, 1: 0, 2: 0, 3: 0, 4: 1}",1
699,False,"{'a': 0.002, 'e': 0.1719377011121125}",25,6,8.586665181896826,"{0: 18, 1: 0, 2: 0, 3: 1, 4: 0}",1
700,False,"{'a': 0.002, 'e': 0.16996714290024081}",25,14,14.71032339787814,"{0: 10, 1: 1, 2: 0, 3: 0, 4: 0}",1
701,False,"{'a': 0.002, 'e': 0.1679959048200241}",20,6,22.543667511529573,"{0: 14, 1: 0, 2: 0, 3: 0, 4: 0}",1
702,False,"{'a': 0.002, 'e': 0.1660239947564121}",25,8,-85.56826942428202,"{0: 13, 1: 0, 2: 1, 3: 1, 4: 2}",1
703,False,"{'a': 0.002, 'e': 0.16405142059704247}",35,20,-56.54122653995723,"{0: 11, 1: 1, 2: 1, 3: 1, 4: 1}",1
704,False,"{'a': 0.002, 'e': 0.1620781902322094}",20,0,28.754271281582703,"{0: 20, 1: 0, 2: 0, 3: 0, 4: 0}",0
705,False,"{'a': 0.002, 'e': 0.16010431155483126}",20,15,10.77033937215977,"{0: 5, 1: 0, 2: 0, 3: 0, 4: 0}",1
706,False,"{'a': 0.002, 'e': 0.1581297924604204}",20,0,14.186117428925513,"{0: 18, 1: 1, 2: 1, 3: 0, 4: 0}",0
707,False,"{'a': 0.002, 'e': 0.15615464084705052}",20,12,10.277999886654213,"{0: 7, 1: 1, 2: 0, 3: 0, 4: 0}",1
708,False,"{'a': 0.002, 'e': 0.15417886461532546}",20,6,24.07932404180929,"{0: 14, 1: 0, 2: 0, 3: 0, 4: 0}",1
709,False,"{'a': 0.002, 'e': 0.15220247166834752}",20,15,1.9894600783754612,"{0: 4, 1: 1, 2: 0, 3: 0, 4: 0}",1
710,False,"{'a': 0.002, 'e': 0.15022546991168584}",20,6,24.71371987894401,"{0: 14, 1: 0, 2: 0, 3: 0, 4: 0}",1
711,False,"{'a': 0.002, 'e': 0.14824786725334482}",20,7,9.9153447704396,"{0: 11, 1: 2, 2: 0, 3: 0, 4: 0}",1
712,False,"{'a': 0.002, 'e': 0.14626967160373244}",30,4,-14.246359405228892,"{0: 24, 1: 0, 2: 1, 3: 0, 4: 1}",1
713,False,"{'a': 0.002, 'e': 0.14429089087562866}",20,0,35.50587049681359,"{0: 20, 1: 0, 2: 0, 3: 0, 4: 0}",0
714,False,"{'a': 0.002, 'e': 0.14231153298415378}",30,16,4.7739304248100165,"{0: 12, 1: 0, 2: 2, 3: 0, 4: 0}",1
715,False,"{'a': 0.002, 'e': 0.1403316058467367}",20,8,22.16760399066143,"{0: 12, 1: 0, 2: 0, 3: 0, 4: 0}",1
716,False,"{'a': 0.002, 'e': 0.13835111738308337}",30,17,25.387256348587343,"{0: 13, 1: 0, 2: 0, 3: 0, 4: 0}",1
717,False,"{'a': 0.002, 'e': 0.13637007551514496}",35,15,35.23196948034804,"{0: 20, 1: 0, 2: 0, 3: 0, 4: 0}",1
718,False,"{'a': 0.002, 'e': 0.13438848816708632}",20,14,7.647818515851729,"{0: 6, 1: 0, 2: 0, 3: 0, 4: 0}",1
719,False,"{'a': 0.002, 'e': 0.13240636326525418}",25,4,26.236621092222094,"{0: 20, 1: 1, 2: 0, 3: 0, 4: 0}",1
720,False,"{'a': 0.002, 'e': 0.13042370873814554}",30,15,3.787308448528771,"{0: 13, 1: 0, 2: 2, 3: 0, 4: 0}",1
721,False,"{'a': 0.002, 'e': 0.12844053251637583}",25,14,7.4653750686049305,"{0: 10, 1: 0, 2: 1, 3: 0, 4: 0}",1
722,False,"{'a': 0.002, 'e': 0.12645684253264733}",25,13,22.629897930782548,"{0: 12, 1: 0, 2: 0, 3: 0, 4: 0}",1
723,False,"{'a': 0.002, 'e': 0.12447264672171729}",20,6,23.553563567410254,"{0: 14, 1: 0, 2: 0, 3: 0, 4: 0}",1
724,False,"{'a': 0.002, 'e': 0.12248795302036633}",25,13,19.530328693172933,"{0: 12, 1: 0, 2: 0, 3: 0, 4: 0}",1
725,False,"{'a': 0.002, 'e': 0.1205027693673666}",25,7,11.965804893450807,"{0: 17, 1: 0, 2: 0, 3: 1, 4: 0}",1
726,False,"{'a': 0.002, 'e': 0.11851710370345009}",20,2,20.740510439134766,"{0: 17, 1: 0, 2: 1, 3: 0, 4: 0}",1
727,False,"{'a': 0.002, 'e': 0.11653096397127677}",20,15,8.598469487162138,"{0: 5, 1: 0, 2: 0, 3: 0, 4: 0}",1
728,False,"{'a': 0.002, 'e': 0.11454435811540295}",20,14,0.7018280154858343,"{0: 5, 1: 0, 2: 1, 3: 0, 4: 0}",1
729,False,"{'a': 0.002, 'e': 0.11255729408224939}",25,11,2.7488436654604023,"{0: 13, 1: 0, 2: 0, 3: 1, 4: 0}",1
730,False,"{'a': 0.002, 'e': 0.11056977982006957}",25,15,20.286257652549306,"{0: 10, 1: 0, 2: 0, 3: 0, 4: 0}",1
731,False,"{'a': 0.002, 'e': 0.10858182327891791}",25,2,19.972317147502004,"{0: 22, 1: 0, 2: 1, 3: 0, 4: 0}",1
732,False,"{'a': 0.002, 'e': 0.10659343241061792}",25,15,21.679345326593396,"{0: 10, 1: 0, 2: 0, 3: 0, 4: 0}",1
733,False,"{'a': 0.002, 'e': 0.10460461516873039}",20,7,22.92167767717211,"{0: 13, 1: 0, 2: 0, 3: 0, 4: 0}",1
734,False,"{'a': 0.002, 'e': 0.10261537950852166}",30,8,35.548274931159284,"{0: 22, 1: 0, 2: 0, 3: 0, 4: 0}",1
735,False,"{'a': 0.002, 'e': 0.10062573338693172}",20,6,24.502135728238695,"{0: 14, 1: 0, 2: 0, 3: 0, 4: 0}",1
736,False,"{'a': 0.002, 'e': 0.0986356847625424}",20,0,-41.68049246786136,"{0: 16, 1: 1, 2: 2, 3: 0, 4: 1}",0
737,False,"{'a': 0.002, 'e': 0.09664524159554555}",25,7,32.71164065135846,"{0: 18, 1: 0, 2: 0, 3: 0, 4: 0}",1
738,False,"{'a': 0.002, 'e': 0.09465441184771117}",30,11,32.92997087709423,"{0: 19, 1: 0, 2: 0, 3: 0, 4: 0}",1
739,False,"{'a': 0.002, 'e': 0.09266320348235561}",30,6,17.17484051481052,"{0: 22, 1: 1, 2: 1, 3: 0, 4: 0}",1
740,False,"{'a': 0.002, 'e': 0.09067162446430967}",35,17,30.449517997187563,"{0: 18, 1: 0, 2: 0, 3: 0, 4: 0}",1
741,False,"{'a': 0.002, 'e': 0.08867968275988676}",20,2,28.37721837633263,"{0: 18, 1: 0, 2: 0, 3: 0, 4: 0}",1
742,False,"{'a': 0.002, 'e': 0.08668738633685107}",25,0,-39.32306697310612,"{0: 22, 1: 0, 2: 1, 3: 1, 4: 1}",0
743,False,"{'a': 0.002, 'e': 0.08469474316438559}",25,11,26.734296342980848,"{0: 14, 1: 0, 2: 0, 3: 0, 4: 0}",1
744,False,"{'a': 0.002, 'e': 0.0827017612130604}",25,17,14.018292078858725,"{0: 8, 1: 0, 2: 0, 3: 0, 4: 0}",1
745,False,"{'a': 0.002, 'e': 0.08070844845480062}",20,0,15.508367168173724,"{0: 19, 1: 0, 2: 1, 3: 0, 4: 0}",0
746,False,"{'a': 0.002, 'e': 0.07871481286285463}",20,13,12.549756969362015,"{0: 7, 1: 0, 2: 0, 3: 0, 4: 0}",1
747,False,"{'a': 0.002, 'e': 0.07672086241176214}",20,8,21.942950841598563,"{0: 12, 1: 0, 2: 0, 3: 0, 4: 0}",1
748,False,"{'a': 0.002, 'e': 0.0747266050773223}",20,13,1.8544343957228315,"{0: 6, 1: 0, 2: 1, 3: 0, 4: 0}",1
749,False,"{'a': 0.002, 'e': 0.07273204883656179}",20,0,22.300977799598126,"{0: 19, 1: 1, 2: 0, 3: 0, 4: 0}",1
750,False,"{'a': 0.002, 'e': 0.0707372016677029}",20,10,20.72144767855943,"{0: 10, 1: 0, 2: 0, 3: 0, 4: 0}",1
751,False,"{'a': 0.002, 'e': 0.06874207155013166}",25,6,18.92147108364073,"{0: 18, 1: 0, 2: 1, 3: 0, 4: 0}",1
752,False,"{'a': 0.002, 'e': 0.06674666646436589}",25,12,25.249446366165134,"{0: 13, 1: 0, 2: 0, 3: 0, 4: 0}",1
753,False,"{'a': 0.002, 'e': 0.06475099439202324}",25,15,19.834248376020575,"{0: 10, 1: 0, 2: 0, 3: 0, 4: 0}",1
754,False,"{'a': 0.002, 'e': 0.06275506331578937}",20,15,11.56767490086925,"{0: 5, 1: 0, 2: 0, 3: 0, 4: 0}",1
755,False,"{'a': 0.002, 'e': 0.0607588812193859}",25,10,27.06376944147594,"{0: 15, 1: 0, 2: 0, 3: 0, 4: 0}",1
756,False,"{'a': 0.002, 'e': 0.058762456087538564}",20,0,30.256101163174144,"{0: 20, 1: 0, 2: 0, 3: 0, 4: 0}",0
757,False,"{'a': 0.002, 'e': 0.05676579590594523}",25,7,36.048769070685914,"{0: 18, 1: 0, 2: 0, 3: 0, 4: 0}",1
758,False,"{'a': 0.002, 'e': 0.05476890866124396}",20,14,9.825424605691415,"{0: 6, 1: 0, 2: 0, 3: 0, 4: 0}",1
759,False,"{'a': 0.002, 'e': 0.05277180234098107}",20,13,14.104042447128508,"{0: 7, 1: 0, 2: 0, 3: 0, 4: 0}",1
760,False,"{'a': 0.002, 'e': 0.05077448493357918}",30,22,14.52710671918231,"{0: 8, 1: 0, 2: 0, 3: 0, 4: 0}",1
761,False,"{'a': 0.002, 'e': 0.04877696442830525}",35,20,25.119366444081116,"{0: 15, 1: 0, 2: 0, 3: 0, 4: 0}",1
762,False,"{'a': 0.002, 'e': 0.04677924881523865}",25,15,18.92358796835522,"{0: 10, 1: 0, 2: 0, 3: 0, 4: 0}",1
763,False,"{'a': 0.002, 'e': 0.044781346085239156}",20,1,21.636709083758202,"{0: 18, 1: 1, 2: 0, 3: 0, 4: 0}",1
764,False,"{'a': 0.002, 'e': 0.04278326422991503}",25,13,15.07132141407901,"{0: 12, 1: 0, 2: 0, 3: 0, 4: 0}",1
765,False,"{'a': 0.002, 'e': 0.040785011241591035}",20,2,28.419421387097714,"{0: 18, 1: 0, 2: 0, 3: 0, 4: 0}",1
766,False,"{'a': 0.002, 'e': 0.038786595113276444}",25,0,4.502206539878296,"{0: 23, 1: 0, 2: 1, 3: 1, 4: 0}",0
767,False,"{'a': 0.002, 'e': 0.036788023838633124}",20,11,7.423986628828912,"{0: 8, 1: 0, 2: 1, 3: 0, 4: 0}",1
768,False,"{'a': 0.002, 'e': 0.03478930541194349}",25,16,14.853520709963025,"{0: 9, 1: 0, 2: 0, 3: 0, 4: 0}",1
769,False,"{'a': 0.002, 'e': 0.032790447828078606}",25,15,15.114133823652757,"{0: 10, 1: 0, 2: 0, 3: 0, 4: 0}",1
770,False,"{'a': 0.002, 'e': 0.030791459082466124}",30,16,22.7139776118702,"{0: 14, 1: 0, 2: 0, 3: 0, 4: 0}",1
771,False,"{'a': 0.002, 'e': 0.028792347171058368}",25,13,19.858811449608385,"{0: 12, 1: 0, 2: 0, 3: 0, 4: 0}",1
772,False,"{'a': 0.002, 'e': 0.026793120090300316}",20,14,10.567180753614977,"{0: 6, 1: 0, 2: 0, 3: 0, 4: 0}",1
773,False,"{'a': 0.002, 'e': 0.02479378583709763}",30,13,32.45393870639694,"{0: 17, 1: 0, 2: 0, 3: 0, 4: 0}",1
774,False,"{'a': 0.002, 'e': 0.022794352408784652}",35,25,20.43269014135141,"{0: 10, 1: 0, 2: 0, 3: 0, 4: 0}",1
775,False,"{'a': 0.002, 'e': 0.02079482780309243}",30,23,10.36659694210871,"{0: 7, 1: 0, 2: 0, 3: 0, 4: 0}",1
776,False,"{'a': 0.002, 'e': 0.018795220018116725}",30,4,33.919009366996576,"{0: 25, 1: 0, 2: 1, 3: 0, 4: 0}",1
777,False,"{'a': 0.002, 'e': 0.016795537052286005}",20,9,19.937438469544084,"{0: 11, 1: 0, 2: 0, 3: 0, 4: 0}",1
778,False,"{'a': 0.002, 'e': 0.01479578690432947}",30,16,24.588989116287372,"{0: 14, 1: 0, 2: 0, 3: 0, 4: 0}",1
779,False,"{'a': 0.002, 'e': 0.012795977573245047}",35,21,26.18549194122226,"{0: 14, 1: 0, 2: 0, 3: 0, 4: 0}",1
780,False,"{'a': 0.002, 'e': 0.010796117058267392}",25,13,26.040474960329856,"{0: 12, 1: 0, 2: 0, 3: 0, 4: 0}",1
781,False,"{'a': 0.002, 'e': 0.0087962133588359}",20,12,16.966077373688016,"{0: 8, 1: 0, 2: 0, 3: 0, 4: 0}",1
782,False,"{'a': 0.002, 'e': 0.0067962744745627}",25,18,13.827658971076145,"{0: 7, 1: 0, 2: 0, 3: 0, 4: 0}",1
783,False,"{'a': 0.002, 'e': 0.004796308405200663}",25,17,14.898778498624866,"{0: 8, 1: 0, 2: 0, 3: 0, 4: 0}",1
784,False,"{'a': 0.002, 'e': 0.0027963231506114}",20,6,26.25451827135077,"{0: 14, 1: 0, 2: 0, 3: 0, 4: 0}",1
785,False,"{'a': 0.002, 'e': 0.0007963267107332633}",20,0,28.877624730162946,"{0: 20, 1: 0, 2: 0, 3: 0, 4: 0}",0
1,True,"{'a': 0, 'e': 0}",20,11,18.25048378184914,"{0: 9, 1: 0, 2: 0, 3: 0, 4: 0}",1
2,True,"{'a': 0, 'e': 0}",20,0,28.682728269844453,"{0: 20, 1: 0, 2: 0, 3: 0, 4: 0}",0
3,True,"{'a': 0, 'e': 0}",20,13,11.534670966508328,"{0: 7, 1: 0, 2: 0, 3: 0, 4: 0}",1
4,True,"{'a': 0, 'e': 0}",30,24,13.341732163219698,"{0: 6, 1: 0, 2: 0, 3: 0, 4: 0}",1
5,True,"{'a': 0, 'e': 0}",25,3,35.45717486220069,"{0: 22, 1: 0, 2: 0, 3: 0, 4: 0}",1
6,True,"{'a': 0, 'e': 0}",25,5,30.3080719346647,"{0: 20, 1: 0, 2: 0, 3: 0, 4: 0}",1
7,True,"{'a': 0, 'e': 0}",30,22,15.939215595514352,"{0: 8, 1: 0, 2: 0, 3: 0, 4: 0}",1
8,True,"{'a': 0, 'e': 0}",20,6,29.95680120382874,"{0: 14, 1: 0, 2: 0, 3: 0, 4: 0}",1
9,True,"{'a': 0, 'e': 0}",35,11,40.30094888471969,"{0: 24, 1: 0, 2: 0, 3: 0, 4: 0}",1
10,True,"{'a': 0, 'e': 0}",25,8,29.669709070764416,"{0: 17, 1: 0, 2: 0, 3: 0, 4: 0}",1
